"name","worldRank","swimRank","bikeRank","runRank","country","profilePic","url"
"","1","3","4","4","Great Britain","https://content.protriathletes.org/content/images/2025/04/88be2f0a-2dbe-4139-8d3f-3640e7348529.png","https://stats.protriathletes.org/athlete/kate-waugh"
"","2","14","6","1","Switzerland","https://content.protriathletes.org/content/images/2025/04/769ab444-6988-4ffe-ac18-b22246706278.png","https://stats.protriathletes.org/athlete/julie-derron"
"","3","1","3","6","Great Britain","https://content.protriathletes.org/content/images/2025/04/c5946e0a-7833-4b14-aee8-dd3488d74d0f.png","https://stats.protriathletes.org/athlete/lucy-charles-barclay"
"","4","5","1","14","United States of America","https://content.protriathletes.org/content/images/2025/05/113f91cd-e8b9-478b-8526-4d7790242a3e.png","https://stats.protriathletes.org/athlete/taylor-knibb"
"","5","38","8","5","Great Britain","https://content.protriathletes.org/content/images/2024/05/b4fae354-9d23-4e7c-90bd-f8578982079c.png","https://stats.protriathletes.org/athlete/kat-matthews"
"","6","24","22","3","Australia","https://content.protriathletes.org/content/images/2025/04/0e94ec83-59bb-4e00-a265-6a3f8cc90a20.png","https://stats.protriathletes.org/athlete/ashleigh-gentle"
"","7","2","2","25","Great Britain","https://content.protriathletes.org/content/images/2025/04/fd8e94bf-7320-4c38-b044-3d4dac173f88.png","https://stats.protriathletes.org/athlete/jeßica-learmonth"
"","8","34","9","10","Norway","https://content.protriathletes.org/content/images/2025/10/b3e8b43a-7beb-435d-bbd3-aa42827ddc8e.png","https://stats.protriathletes.org/athlete/solveig-loevseth"
"","9","9","16","11","Great Britain","https://content.protriathletes.org/content/images/2025/08/d09e9c52-aa58-4757-8eef-54d3fbc8b035.png","https://stats.protriathletes.org/athlete/georgia-taylor-brown"
"","10","56","14","7","Germany","https://content.protriathletes.org/content/images/2024/07/5cfc88e2-d38c-492f-8457-e40350acd148.png","https://stats.protriathletes.org/athlete/laura-philipp"
"","11","28","11","17","Canada","https://content.protriathletes.org/content/images/2025/05/e70fb451-83c1-4347-a919-7f91817d43f7.png","https://stats.protriathletes.org/athlete/paula-findlay"
"","12","15","10","20","New Zealand","https://content.protriathletes.org/content/images/2025/04/61d7a238-cea3-46c7-a7be-5ba36815f25b.png","https://stats.protriathletes.org/athlete/hannah-wells"
"","13","6","21","15","Great Britain","https://content.protriathletes.org/content/images/2025/05/114db396-8796-4519-88da-ce415ae5db24.png","https://stats.protriathletes.org/athlete/holly-lawrence"
"","14","26","7","18","Austria","https://content.protriathletes.org/content/images/2025/04/7a8e809f-3bd7-4a19-bef9-a12e43ac8092.png","https://stats.protriathletes.org/athlete/lisa-perterer"
"","15","22","18","13","Australia","https://content.protriathletes.org/content/images/2025/04/03e65a91-36d2-46a2-bbf7-25b882c7a3dc.png","https://stats.protriathletes.org/athlete/ellie-salthouse"
"","16","44","5","27","Great Britain","https://content.protriathletes.org/content/images/2025/04/395f6e83-b8fe-4721-8536-a024abba9634.png","https://stats.protriathletes.org/athlete/lucy-byram"
"","17","16","17","21","Germany","https://content.protriathletes.org/content/images/2025/09/f3a5c8f1-c4c1-45bc-9682-9200523edb87.png","https://stats.protriathletes.org/athlete/carolin-pohle"
"","18","4","47","8","United States of America","https://content.protriathletes.org/content/images/2025/04/7243a5b8-f0af-4890-833f-b6b351727041.png","https://stats.protriathletes.org/athlete/taylor-spivey"
"","19","7","27","30","Spain","https://content.protriathletes.org/content/images/2025/09/89712105-4349-4cb9-9b60-ad4d894a0aa0.png","https://stats.protriathletes.org/athlete/sara-perez-sala"
"","20","18","15","38","Belgium","https://content.protriathletes.org/content/images/2025/05/bd9bd9af-8861-4a88-9272-7a41e7f68fa5.png","https://stats.protriathletes.org/athlete/hanne-de-vet"
"","21","13","13","29","Great Britain","https://content.protriathletes.org/content/images/2025/04/15817541-181f-4de8-8b50-01aa161d117e.png","https://stats.protriathletes.org/athlete/india-lee"
"","22","31","26","24","Great Britain","https://content.protriathletes.org/content/images/2025/09/a83eabf0-98d2-47a7-8be8-646d0812d1d3.png","https://stats.protriathletes.org/athlete/lizzie-rayner"
"","23","29","42","12","Australia","https://content.protriathletes.org/content/images/2025/04/c7aaaae4-a46e-4c95-b05c-f2a367e86be3.png","https://stats.protriathletes.org/athlete/grace-thek"
"","24","12","23","36","Spain","https://content.protriathletes.org/content/images/2025/04/110b3dcc-adbd-481a-a112-f7f84e88c421.png","https://stats.protriathletes.org/athlete/marta-sanchez"
"","25","43","45","28","United States of America","https://content.protriathletes.org/content/images/2024/05/d6db1a17-b617-4eb6-b4ce-8b5ac0c21d27.png","https://stats.protriathletes.org/athlete/jackie-hering"
"","26","10","20","65","Netherlands","https://content.protriathletes.org/content/images/2025/10/1448cbc1-9335-4745-add2-c1868b9aed0a.png","https://stats.protriathletes.org/athlete/lotte-wilms"
"","27","11","19","44","Switzerland","https://content.protriathletes.org/content/images/2025/08/1bf5887a-b457-4626-aba9-7fa17e210ce3.png","https://stats.protriathletes.org/athlete/alanis-siffert"
"","28","49","28","37","France","https://content.protriathletes.org/content/images/2024/05/010adfb3-1b05-4813-807e-a6aa23bc42fa.png","https://stats.protriathletes.org/athlete/marjolaine-pierre"
"","29","114","35","22","Denmark","https://content.protriathletes.org/content/images/2024/07/5cfc88e2-d38c-492f-8457-e40350acd148.png","https://stats.protriathletes.org/athlete/katrine-graesboell-christensen"
"","30","20","39","31","Australia","https://content.protriathletes.org/content/images/2025/10/ee20bcf1-1439-4384-b710-2f62f53e5a51.png","https://stats.protriathletes.org/athlete/natalie-van-coevorden"
"","31","120","37","2","Germany","https://content.protriathletes.org/content/images/2025/05/9b4646a3-e5a8-4d27-84ef-030c944f0adc.png","https://stats.protriathletes.org/athlete/daniela-kleiser"
"","32","108","31","26","United States of America","https://content.protriathletes.org/content/images/2022/06/ac7bab45-15ad-4e02-8ef8-252ec9865c4f.png","https://stats.protriathletes.org/athlete/danielle-lewis"
"","33","57","30","35","Netherlands","https://content.protriathletes.org/content/images/2025/04/214d916d-e611-46c2-81db-ac03006a7b70.png","https://stats.protriathletes.org/athlete/marlene-de-boer"
"","34","17","44","43","Germany","https://content.protriathletes.org/content/images/2025/05/b99465a5-9763-43a4-9138-a4099ff68736.png","https://stats.protriathletes.org/athlete/lena-meißner"
"","35","88","25","40","Germany","https://content.protriathletes.org/content/images/2024/05/22925643-29a0-4415-a68b-aa2ec58501ae.png","https://stats.protriathletes.org/athlete/anne-reischmann"
"","36","90","88","9","Canada","https://content.protriathletes.org/content/images/2024/05/046d57b2-01f0-4d2d-b5a7-6f4101a1b7b0.png","https://stats.protriathletes.org/athlete/tamara-jewett"
"","37","91","12","47","Great Britain","https://content.protriathletes.org/content/images/2025/09/fc2ee76f-dd9f-43b7-b76d-830ea7796809.png","https://stats.protriathletes.org/athlete/rebecca-anderbury"
"","38","123","52","19","Sweden","https://content.protriathletes.org/content/images/2021/04/380dc10c-f116-43a2-9198-01daf7d869ab.png","https://stats.protriathletes.org/athlete/sara-svensk"
"","39","55","51","33","Switzerland","https://content.protriathletes.org/content/images/2025/08/d248d2ba-c939-43a9-aee0-7dd6f8520701.png","https://stats.protriathletes.org/athlete/leana-bißig"
"","40","62","49","34","Germany","https://content.protriathletes.org/content/images/2023/04/647719c7-8794-4163-8d77-6f061334322f.png","https://stats.protriathletes.org/athlete/laura-jansen"
"","41","93","50","39","New Zealand","https://content.protriathletes.org/content/images/2025/10/bd87c374-7337-4040-ae98-951044b2e838.png","https://stats.protriathletes.org/athlete/amelia-watkinson"
"","42","45","33","63","Great Britain","https://content.protriathletes.org/content/images/2025/04/715d8336-4777-4806-a2f2-9bac996df652.png","https://stats.protriathletes.org/athlete/megan-mcdonald"
"","43","46","41","56","Switzerland","https://content.protriathletes.org/content/images/2021/05/cfd1a3d6-9cb0-4fe9-857e-80ffc4bdfd38.png","https://stats.protriathletes.org/athlete/nina-derron"
"","44","65","36","58","Estonia","https://content.protriathletes.org/content/images/2025/05/0a988e96-83fb-4684-90a3-19809b643fd0.png","https://stats.protriathletes.org/athlete/kaidi-kivioja"
"","45","89","24","48","Netherlands","https://content.protriathletes.org/content/images/2025/05/14262eb0-b67d-4d63-892f-852873bbb978.png","https://stats.protriathletes.org/athlete/diede-diederiks"
"","46","39","46","78","United States of America","https://content.protriathletes.org/content/images/2025/08/bb3a5e26-6e11-4e09-9792-bab7f8874ff2.png","https://stats.protriathletes.org/athlete/grace-alexander"
"","47","32","34","79","Australia","https://content.protriathletes.org/content/images/2022/06/ac7bab45-15ad-4e02-8ef8-252ec9865c4f.png","https://stats.protriathletes.org/athlete/regan-hollioake"
"","48","104","43","32","France","https://content.protriathletes.org/content/images/2025/09/92f1df1c-d888-4056-8633-5195d4ae9a79.png","https://stats.protriathletes.org/athlete/anne-sophie-pierre"
"","49","25","55","69","Great Britain","https://content.protriathletes.org/content/images/2025/09/92f1df1c-d888-4056-8633-5195d4ae9a79.png","https://stats.protriathletes.org/athlete/daisy-davies"
"","50","37","69","55","France","https://content.protriathletes.org/content/images/2025/08/f0dac5e6-2251-47a8-a0ba-f57647a4a18b.png","https://stats.protriathletes.org/athlete/justine-guerard"
"","51","109","77","42","Italy","https://content.protriathletes.org/content/images/2021/04/0e3bf26a-867c-4118-97cc-c8499884cb71.png","https://stats.protriathletes.org/athlete/elisabetta-curridori"
"","52","52","103","16","United States of America","https://content.protriathletes.org/content/images/2025/08/bb3a5e26-6e11-4e09-9792-bab7f8874ff2.png","https://stats.protriathletes.org/athlete/lydia-rußell"
"","53","81","38","46","Netherlands","https://content.protriathletes.org/content/images/2025/04/378fd734-46e6-434b-a20e-70532842c16d.png","https://stats.protriathletes.org/athlete/els-vißer"
"","54","69","76","23","Poland","https://content.protriathletes.org/content/images/2024/11/a5bb60fb-77e9-4217-ad24-d0846173f682.png","https://stats.protriathletes.org/athlete/marta-lagownik"
"","55","53","60","71","Denmark","https://content.protriathletes.org/content/images/2023/05/a0e33d00-5871-4396-9e9f-f9a749fbf9d4.png","https://stats.protriathletes.org/athlete/maja-stage-nielsen"
"","56","35","68","61","Germany","https://content.protriathletes.org/content/images/2025/09/3283a617-a068-45de-b2b1-ddaf37c01d6c.png","https://stats.protriathletes.org/athlete/bianca-bogen"
"","57","82","58","50","France","https://content.protriathletes.org/content/images/2023/06/e11045de-d78d-4ddc-b391-df440fa28fe5.png","https://stats.protriathletes.org/athlete/charlene-clavel"
"","58","75","29","105","United States of America","https://content.protriathletes.org/content/images/2025/05/e66840df-5433-4ad3-9583-27315d71fd09.png","https://stats.protriathletes.org/athlete/lisa-becharas"
"","59","68","139","62","France","https://content.protriathletes.org/content/images/2025/09/044b45cc-1231-4009-ad4e-c5d1cc0161df.png","https://stats.protriathletes.org/athlete/justine-mathieux"
"","60","70","62","70","Denmark","https://content.protriathletes.org/content/images/2025/08/49315cfc-f624-4ecb-b492-4731025ed3fb.png","https://stats.protriathletes.org/athlete/anastacia-damm-nielsen"
"","61","83","32","114","United States of America","https://content.protriathletes.org/content/images/2023/09/7cd9a5ef-16fb-4686-84c7-f13687b06302.png","https://stats.protriathletes.org/athlete/alice-alberts"
"","62","48","75","41","Mexico","https://content.protriathletes.org/content/images/2025/04/c53dea22-60b8-4a62-96cd-798a522eb672.png","https://stats.protriathletes.org/athlete/cecilia-perez"
"","63","152","40","53","Germany","https://content.protriathletes.org/content/images/2023/05/a0e33d00-5871-4396-9e9f-f9a749fbf9d4.png","https://stats.protriathletes.org/athlete/merle-brunnee"
"","64","60","59","84","France","https://content.protriathletes.org/content/images/2023/06/e11045de-d78d-4ddc-b391-df440fa28fe5.png","https://stats.protriathletes.org/athlete/emilie-morier"
"","65","50","61","88","Australia","https://content.protriathletes.org/content/images/2025/10/7c72e708-f199-425a-b4bc-c7ce3029c6fd.png","https://stats.protriathletes.org/athlete/chloe-hartnett"
"","66","73","54","91","Germany","https://content.protriathletes.org/content/images/2025/11/71730f2d-c4e2-4777-8576-c76c4a88d17c.png","https://stats.protriathletes.org/athlete/jenny-jendryschik"
"","67","27","63","106","Brazil","https://content.protriathletes.org/content/images/2025/05/0d5de58e-6a67-409a-88c3-1cf287a5fc09.png","https://stats.protriathletes.org/athlete/vittoria-lopes"
"","68","54","94","73","Brazil",,"https://stats.protriathletes.org/athlete/djenyfer-arnold"
"","69","87","74","57","France","https://content.protriathletes.org/content/images/2025/09/044b45cc-1231-4009-ad4e-c5d1cc0161df.png","https://stats.protriathletes.org/athlete/jeanne-collonge"
"","70","41","67","92","United Arab Emirates","https://content.protriathletes.org/content/images/2025/11/52dc197a-80ec-4f40-b929-e87e83c0670f.png","https://stats.protriathletes.org/athlete/lottie-lucas"
"","71","177","53","99","France","https://content.protriathletes.org/content/images/2023/06/e11045de-d78d-4ddc-b391-df440fa28fe5.png","https://stats.protriathletes.org/athlete/aurelia-boulanger"
"","72","125","70","64","United States of America","https://content.protriathletes.org/content/images/2022/01/1a360abd-2b07-4120-88c3-5dfd2b81a1b2.png","https://stats.protriathletes.org/athlete/adele-likin"
"","73","51","91","83","New Zealand",,"https://stats.protriathletes.org/athlete/nicole-van-der-kaay"
"","74","59","78","87","United States of America","https://content.protriathletes.org/content/images/2025/07/0a0d8222-7237-45f0-bb21-b632b8842865.png","https://stats.protriathletes.org/athlete/gabrielle-lumkes"
"","75","100","56","95","France","https://content.protriathletes.org/content/images/2023/03/810483e3-93fe-40d4-af0c-e157d90e9b65.png","https://stats.protriathletes.org/athlete/solenne-billouin"
"","76","23","72","126","France","https://content.protriathletes.org/content/images/2025/08/956c2e99-1fc7-46c7-a9c7-ec4b2ca6de0e.png","https://stats.protriathletes.org/athlete/julie-iemmolo"
"","77","251","87","52","Austria",,"https://stats.protriathletes.org/athlete/anna-pabinger"
"","78","121","104","96","Hungary","https://content.protriathletes.org/content/images/2022/01/3554c84d-e81b-4b38-a1a1-7934950fd8f5.png","https://stats.protriathletes.org/athlete/gabriella-zelinka"
"","79","162","95","45","France","https://content.protriathletes.org/content/images/2023/03/810483e3-93fe-40d4-af0c-e157d90e9b65.png","https://stats.protriathletes.org/athlete/sandra-huon"
"","80","30","119","66","Italy","https://content.protriathletes.org/content/images/2025/08/956c2e99-1fc7-46c7-a9c7-ec4b2ca6de0e.png","https://stats.protriathletes.org/athlete/luisa-iogna-prat"
"","81","66","71","125","South Africa","https://content.protriathletes.org/content/images/2022/01/1a360abd-2b07-4120-88c3-5dfd2b81a1b2.png","https://stats.protriathletes.org/athlete/jeanni-metzler"
"","82","102","93","77","Germany","https://content.protriathletes.org/content/images/2025/11/52dc197a-80ec-4f40-b929-e87e83c0670f.png","https://stats.protriathletes.org/athlete/jana-uderstadt"
"","83","78","66","104","Austria","https://content.protriathletes.org/content/images/2025/11/7871efa8-a81e-4ffe-8d45-d0ed47ea3e2e.png","https://stats.protriathletes.org/athlete/lisa-maria-dornauer"
"","84","149","98","60","Great Britain","https://content.protriathletes.org/content/images/2025/10/4adb57f7-f15e-4ca9-a4f6-667bb76b6308.png","https://stats.protriathletes.org/athlete/rhianne-hughes"
"","85","122","92","74","Finland","https://content.protriathletes.org/content/images/2025/11/52dc197a-80ec-4f40-b929-e87e83c0670f.png","https://stats.protriathletes.org/athlete/tiina-pohjalainen"
"","86","8","83","124","New Zealand","https://content.protriathletes.org/content/images/2025/10/84280d46-6216-41a6-aa09-e599873cf500.png","https://stats.protriathletes.org/athlete/rebecca-clarke"
"","87","74","96","86","Italy","https://content.protriathletes.org/content/images/2022/01/3554c84d-e81b-4b38-a1a1-7934950fd8f5.png","https://stats.protriathletes.org/athlete/marta-bernardi"
"","88","208","48","51","Ireland",,"https://stats.protriathletes.org/athlete/megan-armitage"
"","89","143","65","93","Germany","https://content.protriathletes.org/content/images/2025/08/956c2e99-1fc7-46c7-a9c7-ec4b2ca6de0e.png","https://stats.protriathletes.org/athlete/henrike-gueber"
"","90","118","123","49","Australia","https://content.protriathletes.org/content/images/2025/10/84280d46-6216-41a6-aa09-e599873cf500.png","https://stats.protriathletes.org/athlete/charlotte-mcshane"
"","91","161","97","68","Germany","https://content.protriathletes.org/content/images/2025/10/84280d46-6216-41a6-aa09-e599873cf500.png","https://stats.protriathletes.org/athlete/leonie-konczalla"
"","92","106","117","89","New Zealand","https://content.protriathletes.org/content/images/2022/01/1a360abd-2b07-4120-88c3-5dfd2b81a1b2.png","https://stats.protriathletes.org/athlete/samantha-kingsford"
"","93","148","116","82","Austria","https://content.protriathletes.org/content/images/2025/11/7871efa8-a81e-4ffe-8d45-d0ed47ea3e2e.png","https://stats.protriathletes.org/athlete/gabriele-maria-obmann"
"","94","157","105","75","Germany","https://content.protriathletes.org/content/images/2023/11/f7be080e-dd6e-435c-bba3-d77a699f60f3.png","https://stats.protriathletes.org/athlete/julia-skala"
"","95","141","125","107","Great Britain","https://content.protriathletes.org/content/images/2022/01/3554c84d-e81b-4b38-a1a1-7934950fd8f5.png","https://stats.protriathletes.org/athlete/rachel-brown"
"","96","131","85","97","Denmark",,"https://stats.protriathletes.org/athlete/shiva-leisner"
"","97","36","138","54","Italy","https://content.protriathletes.org/content/images/2025/10/bca8088f-463d-4075-93eb-bd02ea0c39d0.png","https://stats.protriathletes.org/athlete/lilli-gelmini"
"","98","224","80","127","Canada","https://content.protriathletes.org/content/images/2025/08/2dbbbe13-f30c-452f-9b70-db2da76c969f.png","https://stats.protriathletes.org/athlete/danielle-fauteux"
"","99","219","107","98","Australia","https://content.protriathletes.org/content/images/2025/10/84280d46-6216-41a6-aa09-e599873cf500.png","https://stats.protriathletes.org/athlete/skye-wallace"
"","100","19","57","175","Great Britain","https://content.protriathletes.org/content/images/2025/08/2dbbbe13-f30c-452f-9b70-db2da76c969f.png","https://stats.protriathletes.org/athlete/stephanie-clutterbuck"
"","101","40","110","122","Germany","https://content.protriathletes.org/content/images/2025/05/29c6fc6f-046c-4dfe-8bc2-4f7d4ef38974.png","https://stats.protriathletes.org/athlete/katharina-krueger"
"","102","146","128","72","Germany","https://content.protriathletes.org/content/images/2025/06/2ec8b5fa-24f6-4c64-ad4d-e3579bb37615.png","https://stats.protriathletes.org/athlete/lisa-gerß"
"","103","67","150","100","Brazil","https://content.protriathletes.org/content/images/2024/05/505466f3-1ee4-494e-bcf6-6c67cf403317.png","https://stats.protriathletes.org/athlete/pamella-oliveira"
"","104","99","112","113","Australia","https://content.protriathletes.org/content/images/2025/10/84280d46-6216-41a6-aa09-e599873cf500.png","https://stats.protriathletes.org/athlete/jasmine-brown"
"","105","98","152","90","Argentina","https://content.protriathletes.org/content/images/2024/05/505466f3-1ee4-494e-bcf6-6c67cf403317.png","https://stats.protriathletes.org/athlete/romina-biagioli"
"","106","97","81","133","Denmark","https://content.protriathletes.org/content/images/2025/08/e99c31fe-eeb8-482a-a3a5-ec1b717a86ee.png","https://stats.protriathletes.org/athlete/laura-madsen"
"","107","202","82","110","United States of America","https://content.protriathletes.org/content/images/2023/03/f5f74588-c232-48d5-a56b-c701f9e75d4f.png","https://stats.protriathletes.org/athlete/annamarie-strehlow"
"","108","183","108","80","Finland","https://content.protriathletes.org/content/images/2025/04/2d4d1223-3566-465e-84f6-114744ec6779.png","https://stats.protriathletes.org/athlete/minttu-hukka"
"","109","58","111","140","Spain",,"https://stats.protriathletes.org/athlete/sofia-aguayo-mauri"
"","110","178","113","59","France",,"https://stats.protriathletes.org/athlete/nikita-paskiewiez"
"","111","94","120","111","United States of America","https://content.protriathletes.org/content/images/2024/07/daced089-1ab5-4e83-bb9d-095b6bd00fb1.png","https://stats.protriathletes.org/athlete/chelsea-sodaro"
"","112","61","90","154","Germany","https://content.protriathletes.org/content/images/2023/11/f7be080e-dd6e-435c-bba3-d77a699f60f3.png","https://stats.protriathletes.org/athlete/johanna-ahrens"
"","113","33","131","129","Great Britain","https://content.protriathletes.org/content/images/2025/05/29c6fc6f-046c-4dfe-8bc2-4f7d4ef38974.png","https://stats.protriathletes.org/athlete/molly-savill"
"","114","76","115","135","South Africa","https://content.protriathletes.org/content/images/2023/11/227c5f29-5bb4-45e3-a043-062bc0058bbe.png","https://stats.protriathletes.org/athlete/bridget-theunißen"
"","115","77","145","76","Kazakhstan",,"https://stats.protriathletes.org/athlete/ekaterina-shabalina"
"","116","220","64","137","Germany","https://content.protriathletes.org/content/images/2025/06/2ec8b5fa-24f6-4c64-ad4d-e3579bb37615.png","https://stats.protriathletes.org/athlete/sarah-schoenfelder"
"","117","86","89","185","United States of America","https://content.protriathletes.org/content/images/2024/05/a3064680-b5f3-4dc8-a2b2-a52b5f1f90ba.png","https://stats.protriathletes.org/athlete/jocelyn-mccauley"
"","118","226","73","121","Great Britain",,"https://stats.protriathletes.org/athlete/rosie-wild"
"","119","96","102","147","Belgium",,"https://stats.protriathletes.org/athlete/marie-luyckx"
"","120","266","156","81","United States of America","https://content.protriathletes.org/content/images/2025/02/a441f4e9-f5e0-4fd1-94ed-2d1c1d99829d.png","https://stats.protriathletes.org/athlete/alycia-fast"
"","121","112","100","136","France","https://content.protriathletes.org/content/images/2025/06/2ec8b5fa-24f6-4c64-ad4d-e3579bb37615.png","https://stats.protriathletes.org/athlete/eloise-du-luart"
"","122","156","86","103","Switzerland","https://content.protriathletes.org/content/images/2023/11/f7be080e-dd6e-435c-bba3-d77a699f60f3.png","https://stats.protriathletes.org/athlete/laura-keßler"
"","123","160","136","85","Australia","https://content.protriathletes.org/content/images/2023/02/8e4c6026-fb00-4d42-b3f6-8cf8adce26c4.png","https://stats.protriathletes.org/athlete/paige-cranage"
"","124","167","167","67","United States of America","https://content.protriathletes.org/content/images/2023/03/f5f74588-c232-48d5-a56b-c701f9e75d4f.png","https://stats.protriathletes.org/athlete/marißa-lovell"
"","125","191","101","115","Great Britain",,"https://stats.protriathletes.org/athlete/katie-phipkim"
"","126","128","149","94","Mexico",,"https://stats.protriathletes.org/athlete/arlette-mariana-gonzalez-hurtado"
"","127","107","142","108","United States of America","https://content.protriathletes.org/content/images/2025/02/a441f4e9-f5e0-4fd1-94ed-2d1c1d99829d.png","https://stats.protriathletes.org/athlete/caroline-kaplan"
"","128","172","99","152","Ireland","https://content.protriathletes.org/content/images/2024/03/e10dec21-964e-472d-bb00-7f0748cd2bad.png","https://stats.protriathletes.org/athlete/fiona-moriarty"
"","129","85","118","168","Netherlands","https://content.protriathletes.org/content/images/2022/05/da9414e6-ecbd-4c52-98dc-7e20c013e2c0.png","https://stats.protriathletes.org/athlete/maaike-vooren"
"","130","139","114","141","Australia","https://content.protriathletes.org/content/images/2023/02/8e4c6026-fb00-4d42-b3f6-8cf8adce26c4.png","https://stats.protriathletes.org/athlete/penny-slater"
"","131","245","130","101","Netherlands",,"https://stats.protriathletes.org/athlete/kyra-meulenberg"
"","132","92","129","151","Netherlands",,"https://stats.protriathletes.org/athlete/eva-corneliße"
"","133","101","84","162","South Africa","https://content.protriathletes.org/content/images/2023/11/227c5f29-5bb4-45e3-a043-062bc0058bbe.png","https://stats.protriathletes.org/athlete/magda-nieuwoudt"
"","134","145","127","153","Germany","https://content.protriathletes.org/content/images/2024/06/4ae67ab9-9df6-45d3-b6a2-1af251560030.png","https://stats.protriathletes.org/athlete/carolin-meyer"
"","135","84","134","158","Germany",,"https://stats.protriathletes.org/athlete/antonia-milowsky"
"","136","129","132","102","Australia","https://content.protriathletes.org/content/images/2023/02/8e4c6026-fb00-4d42-b3f6-8cf8adce26c4.png","https://stats.protriathletes.org/athlete/katie-remond"
"","137","71","137","165","Great Britain","https://content.protriathletes.org/content/images/2025/10/72875da8-c70d-4817-ba6f-e9051d45dcb9.png","https://stats.protriathletes.org/athlete/fenella-langridge"
"","138","190","122","138","France","https://content.protriathletes.org/content/images/2022/05/da9414e6-ecbd-4c52-98dc-7e20c013e2c0.png","https://stats.protriathletes.org/athlete/chloe-nicolas"
"","139","193","109","144","Netherlands",,"https://stats.protriathletes.org/athlete/heleen-moes"
"","140","126","140","139","Switzerland",,"https://stats.protriathletes.org/athlete/mena-suter"
"","141","200","245","224","Spain","https://content.protriathletes.org/content/images/2022/05/da9414e6-ecbd-4c52-98dc-7e20c013e2c0.png","https://stats.protriathletes.org/athlete/judith-corachan-vaquera"
"","142","127","155","157","Spain",,"https://stats.protriathletes.org/athlete/zaira-lorenzo-perez"
"","143","42","121","173","New Zealand",,"https://stats.protriathletes.org/athlete/hannah-knighton"
"","144","63","135","187","United States of America",,"https://stats.protriathletes.org/athlete/jenna-haufler"
"","145","21","227","145","United States of America",,"https://stats.protriathletes.org/athlete/margarita-ryan"
"","146","241","147","117","United States of America",,"https://stats.protriathletes.org/athlete/carolyn-olsen"
"","147","95","154","160","Australia","https://content.protriathletes.org/content/images/2025/05/19f74564-067e-4213-a739-56ac9af8794a.png","https://stats.protriathletes.org/athlete/chloe-lane"
"","148","201","144","112","Switzerland","https://content.protriathletes.org/content/images/2021/07/ec5e9356-135a-49ec-b7da-48ec5fc50792.png","https://stats.protriathletes.org/athlete/joanna-ryter"
"","149","228","188","120","United States of America",,"https://stats.protriathletes.org/athlete/chelsea-hollingsworth"
"","150","113","169","149","Australia",,"https://stats.protriathletes.org/athlete/milan-agnew"
"","151","79","172","159","Canada",,"https://stats.protriathletes.org/athlete/miranda-tomenson"
"","152","168","175","132","United States of America",,"https://stats.protriathletes.org/athlete/amanda-macuiba"
"","153","188","126","202","Switzerland",,"https://stats.protriathletes.org/athlete/sina-ziegler"
"","154","47","200","156","France","https://content.protriathletes.org/content/images/2022/05/da9414e6-ecbd-4c52-98dc-7e20c013e2c0.png","https://stats.protriathletes.org/athlete/maela-moison"
"","155","230","293","228","Australia",,"https://stats.protriathletes.org/athlete/sophie-malowiecki"
"","156","213","124","146","Switzerland",,"https://stats.protriathletes.org/athlete/caterina-mariani"
"","157","136","201","118","United States of America",,"https://stats.protriathletes.org/athlete/michelle-stratton"
"","158","249","179","119","United States of America","https://content.protriathletes.org/content/images/2021/07/ec5e9356-135a-49ec-b7da-48ec5fc50792.png","https://stats.protriathletes.org/athlete/katie-colville"
"","159","169","184","163","Australia",,"https://stats.protriathletes.org/athlete/sarah-thomas"
"","160","176","153","186","Germany",,"https://stats.protriathletes.org/athlete/katharina-wolff"
"","161","135","106","203","United States of America",,"https://stats.protriathletes.org/athlete/laura-mathews"
"","162","186","217","130","Australia","https://content.protriathletes.org/content/images/2024/06/9c7f0f6d-af44-4b01-96f8-c30f08c2bdef.png","https://stats.protriathletes.org/athlete/lauren-hume"
"","163","64","141","237","Great Britain","https://content.protriathletes.org/content/images/2023/11/c243f5cd-9292-4b5b-96c9-b4633a5a81ed.png","https://stats.protriathletes.org/athlete/abigail-bedwell"
"","164","233","165","181","Brazil",,"https://stats.protriathletes.org/athlete/pietra-picolo-meneghini"
"","165","187","182","305","Portugal",,"https://stats.protriathletes.org/athlete/raquel-rocha"
"","166","240","148","183","United States of America","https://content.protriathletes.org/content/images/2024/06/9c7f0f6d-af44-4b01-96f8-c30f08c2bdef.png","https://stats.protriathletes.org/athlete/kerry-girona"
"","167","115","198","215","South Africa",,"https://stats.protriathletes.org/athlete/hanni-van-wyk"
"","168","238","196","116","Belgium",,"https://stats.protriathletes.org/athlete/sophie-delguste"
"","169","153","166","182","Argentina","https://content.protriathletes.org/content/images/2023/05/90113c06-40ec-4d94-ac92-f83e6ec4b349.png","https://stats.protriathletes.org/athlete/romina-palacio-balena"
"","170","142","168","184","New Zealand",,"https://stats.protriathletes.org/athlete/angharad-llewellyn"
"","171","124","183","161","United States of America","https://content.protriathletes.org/content/images/2024/06/8d690468-9f8d-4d73-b10f-4e84e4c23d49.png","https://stats.protriathletes.org/athlete/alexandra-watt"
"","172","184","221","109","Spain","https://content.protriathletes.org/content/images/2024/06/9c7f0f6d-af44-4b01-96f8-c30f08c2bdef.png","https://stats.protriathletes.org/athlete/carolina-fernandez-ortuno"
"","173","197","162","134","Switzerland","https://content.protriathletes.org/content/images/2023/04/b6c8ebfb-d52b-4a0e-8d18-700a8144a065.png","https://stats.protriathletes.org/athlete/jamie-albert"
"","174","144","211","166","Chile","https://content.protriathletes.org/content/images/2023/05/90113c06-40ec-4d94-ac92-f83e6ec4b349.png","https://stats.protriathletes.org/athlete/barbara-riveros"
"","175","196","163","207","United States of America","https://content.protriathletes.org/content/images/2023/11/bf4ae6a0-566d-4184-b065-84754a86bc7c.png","https://stats.protriathletes.org/athlete/jodie-robertson"
"","176","189","173","176","Czechia",,"https://stats.protriathletes.org/athlete/simona-krivankova"
"","177","214","79","230","United States of America",,"https://stats.protriathletes.org/athlete/rebecca-yunginger"
"","178","175","178","128","United States of America","https://content.protriathletes.org/content/images/2024/06/9c7f0f6d-af44-4b01-96f8-c30f08c2bdef.png","https://stats.protriathletes.org/athlete/olivia-dietzel"
"","179","270","174","219","United States of America","https://content.protriathletes.org/content/images/2024/06/8d690468-9f8d-4d73-b10f-4e84e4c23d49.png","https://stats.protriathletes.org/athlete/jeßica-smith"
"","180","203","170","164","Canada","https://content.protriathletes.org/content/images/2024/06/9c7f0f6d-af44-4b01-96f8-c30f08c2bdef.png","https://stats.protriathletes.org/athlete/allison-jacob"
"","181","222","151","208","Australia",,"https://stats.protriathletes.org/athlete/kate-gillespie-jones"
"","182","206","208","155","United States of America",,"https://stats.protriathletes.org/athlete/leslie-homol"
"","183","212","185","204","United States of America",,"https://stats.protriathletes.org/athlete/kelly-barton"
"","184","179","171","222","France","https://content.protriathletes.org/content/images/2022/02/a523497c-1254-466e-9e74-770bac8995f6.png","https://stats.protriathletes.org/athlete/alexia-bailly"
"","185","158","189","142","United States of America","https://content.protriathletes.org/content/images/2024/06/9c7f0f6d-af44-4b01-96f8-c30f08c2bdef.png","https://stats.protriathletes.org/athlete/tara-rooney"
"","186","116","191","213","Canada",,"https://stats.protriathletes.org/athlete/kristen-marchant"
"","187","133","159","220","Austria",,"https://stats.protriathletes.org/athlete/jacqueline-kallina"
"","188","204","263","261","Switzerland",,"https://stats.protriathletes.org/athlete/alice-fritzsche"
"","189","194","190","178","Belgium","https://content.protriathletes.org/content/images/2022/02/a523497c-1254-466e-9e74-770bac8995f6.png","https://stats.protriathletes.org/athlete/zoe-leurs"
"","190","132","212","194","United States of America",,"https://stats.protriathletes.org/athlete/annette-rogers"
"","191","170","240","148","Poland","https://content.protriathletes.org/content/images/2022/02/a523497c-1254-466e-9e74-770bac8995f6.png","https://stats.protriathletes.org/athlete/agnieszka-gadomska"
"","192","151","224","170","France","https://content.protriathletes.org/content/images/2021/05/5cd26d22-7455-4484-b10f-7417175d3b26.png","https://stats.protriathletes.org/athlete/anne-baßo"
"","193","164","244","143","Brazil",,"https://stats.protriathletes.org/athlete/bruna-stolf"
"","194","137","202","190","Canada","https://content.protriathletes.org/content/images/2025/06/c81e332a-be93-44ef-92c2-879172786fd5.png","https://stats.protriathletes.org/athlete/dominika-jamnicky"
"","195","242","205","171","Great Britain","https://content.protriathletes.org/content/images/2024/07/ef02113d-bb28-41db-a486-9490fee00f2b.png","https://stats.protriathletes.org/athlete/nikki-bartlett"
"","196","211","180","196","United States of America",,"https://stats.protriathletes.org/athlete/megan-tuncer"
"","197","234","133","232","United States of America","https://content.protriathletes.org/content/images/2021/05/5cd26d22-7455-4484-b10f-7417175d3b26.png","https://stats.protriathletes.org/athlete/angela-naeth"
"","198","155","158","193","Switzerland",,"https://stats.protriathletes.org/athlete/mathilde-cartier"
"","199","225","197","177","Great Britain",,"https://stats.protriathletes.org/athlete/laura-addie"
"","200","244","225","123","Spain",,"https://stats.protriathletes.org/athlete/steffie-le-benezic"
"","201","259","230","150","Germany",,"https://stats.protriathletes.org/athlete/madlen-kappeler"
"","202","217","186","212","France",,"https://stats.protriathletes.org/athlete/lea-riccoboni"
"","203","243","267","254","Australia","https://content.protriathletes.org/content/images/2021/05/50c5e1fb-4ca7-4b2f-b98c-969e0b4391b4.png","https://stats.protriathletes.org/athlete/kate-bevilaqua"
"","204","310","213","180","Great Britain",,"https://stats.protriathletes.org/athlete/simone-mitchell"
"","205","140","210","199","Italy",,"https://stats.protriathletes.org/athlete/sara-sandrini"
"","206","254","203","188","United States of America","https://content.protriathletes.org/content/images/2024/03/ec333998-7ef3-4170-bdc9-bca31e914e62.png","https://stats.protriathletes.org/athlete/nicole-falcaro"
"","207","261","206","131","Sweden","https://content.protriathletes.org/content/images/2021/05/5cd26d22-7455-4484-b10f-7417175d3b26.png","https://stats.protriathletes.org/athlete/camilla-elofßon"
"","208","166","228","240","Switzerland","https://content.protriathletes.org/content/images/2021/05/50c5e1fb-4ca7-4b2f-b98c-969e0b4391b4.png","https://stats.protriathletes.org/athlete/salome-hegi-altermatt"
"","209","80","176","179","Slovakia",,"https://stats.protriathletes.org/athlete/margareta-bicanova"
"","210","185","243","195","Great Britain","https://content.protriathletes.org/content/images/2024/09/6f3d8427-0032-4164-b6bc-be75b449196f.png","https://stats.protriathletes.org/athlete/kate-curran"
"","211","180","209","189","Germany",,"https://stats.protriathletes.org/athlete/mareike-guhl"
"","212","72","218","231","Great Britain","https://content.protriathletes.org/content/images/2021/05/50c5e1fb-4ca7-4b2f-b98c-969e0b4391b4.png","https://stats.protriathletes.org/athlete/hannah-munday"
"","213","237","161","246","Slovenia","https://content.protriathletes.org/content/images/2024/02/69ae5697-146a-48c4-ae7e-232d7444719a.png","https://stats.protriathletes.org/athlete/lara-rajteric"
"","214","275","146","225","United States of America","https://content.protriathletes.org/content/images/2024/03/ec333998-7ef3-4170-bdc9-bca31e914e62.png","https://stats.protriathletes.org/athlete/erika-danckers"
"","215","288","177","210","France","https://content.protriathletes.org/content/images/2024/02/69ae5697-146a-48c4-ae7e-232d7444719a.png","https://stats.protriathletes.org/athlete/marion-colard"
"","216","199","238","191","Switzerland",,"https://stats.protriathletes.org/athlete/cathia-schar"
"","217","216","160","235","United States of America","https://content.protriathletes.org/content/images/2023/01/82ae18a9-1c2d-4d05-abcf-490db99dcb36.png","https://stats.protriathletes.org/athlete/brittany-higgins"
"","218","236","254","174","Brazil","https://content.protriathletes.org/content/images/2024/05/fcd96714-afe8-44f3-9d1e-1ba477b47941.png","https://stats.protriathletes.org/athlete/mikelle-coelho"
"","219","163","231","169","United States of America",,"https://stats.protriathletes.org/athlete/rachael-tatko"
"","220","231","216","229","Denmark",,"https://stats.protriathletes.org/athlete/joeanna-nielsen"
"","221","110","192","279","Poland",,"https://stats.protriathletes.org/athlete/alicja-ulatowska"
"","222","130","204","241","Chile","https://content.protriathletes.org/content/images/2024/05/bf1d703c-652d-4ff6-b845-314bbebaccd8.png","https://stats.protriathletes.org/athlete/macarena-salazar-ezquerra"
"","223","256","143","251","Sweden",,"https://stats.protriathletes.org/athlete/marie-ingerhed"
"","224","117","194","214","United States of America","https://content.protriathletes.org/content/images/2024/03/ec333998-7ef3-4170-bdc9-bca31e914e62.png","https://stats.protriathletes.org/athlete/katie-spoelman-vana"
"","225","274","219","206","Sweden","https://content.protriathletes.org/content/images/2024/05/fcd96714-afe8-44f3-9d1e-1ba477b47941.png","https://stats.protriathletes.org/athlete/anna-bergsten"
"","226","289","187","250","Germany","https://content.protriathletes.org/content/images/2024/02/69ae5697-146a-48c4-ae7e-232d7444719a.png","https://stats.protriathletes.org/athlete/sophia-stueckrad"
"","227","246","164","244","Australia","https://content.protriathletes.org/content/images/2024/04/dafd79a2-3587-45ca-b15a-1388ef22f98c.png","https://stats.protriathletes.org/athlete/danyella-eberle"
"","228","344","261","167","Germany",,"https://stats.protriathletes.org/athlete/anna-buettner"
"","229","105","229","223","Great Britain",,"https://stats.protriathletes.org/athlete/jasmine-holmes"
"","230","207","242","258","Canada",,"https://stats.protriathletes.org/athlete/amelie-kretz"
"","231","119","248","242","United States of America","https://content.protriathletes.org/content/images/2024/05/bf1d703c-652d-4ff6-b845-314bbebaccd8.png","https://stats.protriathletes.org/athlete/haley-chura"
"","232","267","236","197","Belgium","https://content.protriathletes.org/content/images/2024/02/69ae5697-146a-48c4-ae7e-232d7444719a.png","https://stats.protriathletes.org/athlete/emma-claiße"
"","233","134","241","245","United States of America",,"https://stats.protriathletes.org/athlete/freya-mckinley"
"","234","239","207","221","United States of America","https://content.protriathletes.org/content/images/2024/03/c47f794b-0bc3-4c2d-a0d6-610ce1f36d58.png","https://stats.protriathletes.org/athlete/caitlin-alexander"
"","235","331","269","302","Australia",,"https://stats.protriathletes.org/athlete/courtney-wevers"
"","236","304","181","248","Australia","https://content.protriathletes.org/content/images/2024/04/dafd79a2-3587-45ca-b15a-1388ef22f98c.png","https://stats.protriathletes.org/athlete/rachael-mccarthy"
"","237","388","223","216","Australia","https://content.protriathletes.org/content/images/2024/04/dafd79a2-3587-45ca-b15a-1388ef22f98c.png","https://stats.protriathletes.org/athlete/kylie-simpson"
"","238","195","193","285","United States of America","https://content.protriathletes.org/content/images/2021/07/dcc5900f-3c68-4508-a7f7-27ca09076d1d.png","https://stats.protriathletes.org/athlete/ali-brauer"
"","239","174","214","286","Great Britain","https://content.protriathletes.org/content/images/2024/05/fcd96714-afe8-44f3-9d1e-1ba477b47941.png","https://stats.protriathletes.org/athlete/chloe-sparrow"
"","240","273","195","238","Switzerland",,"https://stats.protriathletes.org/athlete/anja-koller"
"","241","229","249","205","United States of America","https://content.protriathletes.org/content/images/2021/12/d9af9715-e4cb-4e18-a52f-5fd010c423b2.png","https://stats.protriathletes.org/athlete/sarah-karpinski"
"","242","227","253","227","Germany","https://content.protriathletes.org/content/images/2024/05/2d59feb2-d386-4407-be08-60390a20b9cb.png","https://stats.protriathletes.org/athlete/franzi-reng"
"","243","215","246","211","United States of America",,"https://stats.protriathletes.org/athlete/abbie-sullivan"
"","244","147","256","270","United States of America",,"https://stats.protriathletes.org/athlete/hannah-walz"
"","245","235","252","226","United States of America",,"https://stats.protriathletes.org/athlete/sloane-tilley"
"","246","232","237","262","Spain",,"https://stats.protriathletes.org/athlete/maialen-azpiazu"
"","247","205","232","247","United States of America","https://content.protriathletes.org/content/images/2021/03/2e2997fe-c090-4fe6-b7f4-f036c50c71e3.png","https://stats.protriathletes.org/athlete/christine-maßey"
"","248","253","265","200","Switzerland",,"https://stats.protriathletes.org/athlete/desiree-knecht"
"","249","276","222","266","Great Britain","https://content.protriathletes.org/content/images/2023/03/6474d86d-eef0-46f0-acc4-d17810795bf7.png","https://stats.protriathletes.org/athlete/laura-siddall"
"","250","111","220","264","Brazil","https://content.protriathletes.org/content/images/2024/03/c47f794b-0bc3-4c2d-a0d6-610ce1f36d58.png","https://stats.protriathletes.org/athlete/mary-ortega"
"","251","159","266","271","United States of America","https://content.protriathletes.org/content/images/2024/03/c47f794b-0bc3-4c2d-a0d6-610ce1f36d58.png","https://stats.protriathletes.org/athlete/rachel-olson"
"","252","218","234","239","United States of America",,"https://stats.protriathletes.org/athlete/elizabeth-heinbach"
"","253","292","226","273","Germany",,"https://stats.protriathletes.org/athlete/stephanie-wunderle"
"","254","281","278","321","Ireland",,"https://stats.protriathletes.org/athlete/aoibh-clarke"
"","255","291","215","307","Brazil","https://content.protriathletes.org/content/images/2023/02/2aed3a7c-6c62-4d41-a65b-541c3d5360e5.png","https://stats.protriathletes.org/athlete/mariana-andrade"
"","256","181","199","277","Canada","https://content.protriathletes.org/content/images/2021/12/d9af9715-e4cb-4e18-a52f-5fd010c423b2.png","https://stats.protriathletes.org/athlete/melanie-mcquaid"
"","257","173","268","255","Austria",,"https://stats.protriathletes.org/athlete/tanja-stroschneider"
"","258","103","247","252","Germany",,"https://stats.protriathletes.org/athlete/kathrin-halter"
"","259","299","271","209","Italy","https://content.protriathletes.org/content/images/2024/05/2d59feb2-d386-4407-be08-60390a20b9cb.png","https://stats.protriathletes.org/athlete/giorgia-priarone"
"","260","316","282","172","Switzerland",,"https://stats.protriathletes.org/athlete/loanne-duvoisin"
"","261","293","235","299","Denmark",,"https://stats.protriathletes.org/athlete/emely-ravn"
"","262","255","262","217","South Africa","https://content.protriathletes.org/content/images/2021/05/3e241918-33d6-475b-8fb9-7c830aaff46b.png","https://stats.protriathletes.org/athlete/mariella-sawyer"
"","263","260","250","297","Canada",,"https://stats.protriathletes.org/athlete/emma-skaug"
"","264","280","255","263","Portugal",,"https://stats.protriathletes.org/athlete/vaneßa-pereira"
"","265","296","284","218","Chile",,"https://stats.protriathletes.org/athlete/francisca-garrido"
"","266","210","251","293","Great Britain","https://content.protriathletes.org/content/images/2021/03/2e2997fe-c090-4fe6-b7f4-f036c50c71e3.png","https://stats.protriathletes.org/athlete/jodie-stimpson"
"","267","367","451","355","France",,"https://stats.protriathletes.org/athlete/morgan-branchoux"
"","268","265","257","269","Great Britain","https://content.protriathletes.org/content/images/2022/06/6e80810d-3b85-4631-81b2-13572c09e124.png","https://stats.protriathletes.org/athlete/lydia-dant"
"","269","150","233","275","Great Britain",,"https://stats.protriathletes.org/athlete/sophia-green"
"","270","262","259","236","Netherlands",,"https://stats.protriathletes.org/athlete/dieuwertje-bax"
"","271","257","292","201","Canada",,"https://stats.protriathletes.org/athlete/micah-gay"
"","272","303","310","282","United States of America","https://content.protriathletes.org/content/images/2021/07/8719bc19-3b7e-43b7-a3cb-ab735e68d965.png","https://stats.protriathletes.org/athlete/amy-vantaßel"
"","273","258","260","296","Spain",,"https://stats.protriathletes.org/athlete/laura-gomez-ramon"
"","274","209","298","234","Mexico",,"https://stats.protriathletes.org/athlete/adriana-carreno"
"","275","277","289","233","Canada",,"https://stats.protriathletes.org/athlete/alice-cote-allard"
"","276","263","239","272","United States of America","https://content.protriathletes.org/content/images/2021/07/8719bc19-3b7e-43b7-a3cb-ab735e68d965.png","https://stats.protriathletes.org/athlete/britt-vocke"
"","277","283","280","260","Canada",,"https://stats.protriathletes.org/athlete/danae-morris"
"","278","250","157","267","Brazil",,"https://stats.protriathletes.org/athlete/fernanda-penkal"
"","279","268","277","249","Austria",,"https://stats.protriathletes.org/athlete/sabrina-exenberger"
"","280","305","270","253","United States of America","https://content.protriathletes.org/content/images/2025/01/ffa4a1ef-28a6-49d3-bf13-5a1d835079ca.png","https://stats.protriathletes.org/athlete/kayla-bowker"
"","281","138","279","281","Germany",,"https://stats.protriathletes.org/athlete/anna-trutzschler"
"","282","248","286","290","Great Britain",,"https://stats.protriathletes.org/athlete/brooke-gillies"
"","283","285","301","198","United States of America","https://content.protriathletes.org/content/images/2025/01/ffa4a1ef-28a6-49d3-bf13-5a1d835079ca.png","https://stats.protriathletes.org/athlete/corinne-mouw"
"","284","198","281","288","United States of America","https://content.protriathletes.org/content/images/2025/01/ffa4a1ef-28a6-49d3-bf13-5a1d835079ca.png","https://stats.protriathletes.org/athlete/kayla-pokorny"
"","285","165","275","306","Brazil",,"https://stats.protriathletes.org/athlete/luiza-pais"
"","286","279","276","276","United States of America","https://content.protriathletes.org/content/images/2025/02/cde0f833-3684-4415-954c-9bd17c7c9baa.png","https://stats.protriathletes.org/athlete/liz-licea"
"","287","321","272","192","Chile","https://content.protriathletes.org/content/images/2025/03/7d249f7e-cb4b-46d8-bf4f-341ff6656dce.png","https://stats.protriathletes.org/athlete/florencia-vasquez"
"","288","223","297","268","Australia",,"https://stats.protriathletes.org/athlete/stephanie-demestichas"
"","289","171","283","327","United States of America",,"https://stats.protriathletes.org/athlete/emily-tato"
"","290","247","274","300","Great Britain","https://content.protriathletes.org/content/images/2021/04/7d49b69a-7e17-4d5e-b79b-e29dbad7438b.png","https://stats.protriathletes.org/athlete/claire-hann"
"","291","319","303","243","Sweden",,"https://stats.protriathletes.org/athlete/nicole-pelin"
"","292","356","308","256","United States of America","https://content.protriathletes.org/content/images/2025/01/ffa4a1ef-28a6-49d3-bf13-5a1d835079ca.png","https://stats.protriathletes.org/athlete/clarice-chastang"
"","293","311","300","278","Germany",,"https://stats.protriathletes.org/athlete/tanja-neubert"
"","294","298","264","284","Switzerland","https://content.protriathletes.org/content/images/2025/03/7d249f7e-cb4b-46d8-bf4f-341ff6656dce.png","https://stats.protriathletes.org/athlete/maja-indermuhle"
"","295","324","324","259","United States of America","https://content.protriathletes.org/content/images/2025/01/ffa4a1ef-28a6-49d3-bf13-5a1d835079ca.png","https://stats.protriathletes.org/athlete/gabrielle-suver"
"","296","252","287","322","New Zealand",,"https://stats.protriathletes.org/athlete/danielle-donaldson"
"","297","272","295","312","Italy",,"https://stats.protriathletes.org/athlete/francesca-crestani"
"","298","357","258","308","United States of America","https://content.protriathletes.org/content/images/2025/02/cde0f833-3684-4415-954c-9bd17c7c9baa.png","https://stats.protriathletes.org/athlete/brittani-shappell"
"","299","264","314","280","Ecuador",,"https://stats.protriathletes.org/athlete/elizabeth-bravo"
"","300","287","285","317","United States of America",,"https://stats.protriathletes.org/athlete/amber-ferreira"
"","301","408","386","318","Netherlands","https://content.protriathletes.org/content/images/2025/03/7d249f7e-cb4b-46d8-bf4f-341ff6656dce.png","https://stats.protriathletes.org/athlete/dieske-kruißelbrink"
"","302","221","296","329","United States of America",,"https://stats.protriathletes.org/athlete/clare-daßo"
"","303","182","307","345","Australia",,"https://stats.protriathletes.org/athlete/mikayla-meßer"
"","304","337","306","265","Australia",,"https://stats.protriathletes.org/athlete/caßandra-heaslip"
"","305","370","288","283","Czechia",,"https://stats.protriathletes.org/athlete/barbora-besperat"
"","306","347","322","257","Switzerland",,"https://stats.protriathletes.org/athlete/olivia-keiser"
"","307","192","311","294","United States of America","https://content.protriathletes.org/content/images/2025/01/ffa4a1ef-28a6-49d3-bf13-5a1d835079ca.png","https://stats.protriathletes.org/athlete/meghan-dirito"
"","308","363","309","304","Belgium",,"https://stats.protriathletes.org/athlete/alexandra-tondeur"
"","309","297","294","371","Denmark","https://content.protriathletes.org/content/images/2023/05/600eb6c6-9645-474f-9a53-f6a2ef66564f.png","https://stats.protriathletes.org/athlete/sif-bendix-madsen"
"","310","346","319","298","Canada",,"https://stats.protriathletes.org/athlete/sarah-bonner"
"","311","154","315","303","Germany",,"https://stats.protriathletes.org/athlete/sophie-fischer"
"","312","306","317","309","Canada",,"https://stats.protriathletes.org/athlete/rachel-faulds"
"","313","295","330","289","Italy","https://content.protriathletes.org/content/images/2025/06/24cced3c-44a5-4c40-9e17-fc4fbb71eac7.png","https://stats.protriathletes.org/athlete/alice-betto"
"","314","307","348","315","United States of America","https://content.protriathletes.org/content/images/2025/02/085aa8dd-3d6c-48fa-a0dd-c1afb25ffbe9.png","https://stats.protriathletes.org/athlete/kirsten-kasper"
"","315","336","313","342","Austria","https://content.protriathletes.org/content/images/2025/12/56fb2330-a2d2-41e8-a123-66a3a04119a8.png","https://stats.protriathletes.org/athlete/katharina-loidl"
"","316","309","302","344","Switzerland","https://content.protriathletes.org/content/images/2025/12/56fb2330-a2d2-41e8-a123-66a3a04119a8.png","https://stats.protriathletes.org/athlete/imogen-simmonds"
"","317","353","290","295","United States of America",,"https://stats.protriathletes.org/athlete/lauren-courtway"
"","318","330","312","361","Spain",,"https://stats.protriathletes.org/athlete/patricia-bueno-perez"
"","319","302","332","287","United States of America",,"https://stats.protriathletes.org/athlete/chloe-coronado-winn"
"","320","326","318","310","Germany",,"https://stats.protriathletes.org/athlete/nelly-raßmann"
"","321","359","351","274","Brazil",,"https://stats.protriathletes.org/athlete/clara-guimaraes-lara-de-carvalho"
"","322","317","367","301","France","https://content.protriathletes.org/content/images/2025/06/24cced3c-44a5-4c40-9e17-fc4fbb71eac7.png","https://stats.protriathletes.org/athlete/jeanne-lehair"
"","323","422","402","423","Finland",,"https://stats.protriathletes.org/athlete/maisa-tuliniemi"
"","324","411","329","313","Canada",,"https://stats.protriathletes.org/athlete/jeßica-turanec"
"","325","365","304","320","Germany",,"https://stats.protriathletes.org/athlete/nathalie-krause"
"","326","271","299","348","Netherlands","https://content.protriathletes.org/content/images/2025/06/b937cfe4-f2a2-419c-9c0b-3f5c69be047d.png","https://stats.protriathletes.org/athlete/maya-kingma"
"","327","323","341","334","United States of America","https://content.protriathletes.org/content/images/2024/01/5f49650c-8522-4cd2-bea7-8684a3a0f0af.png","https://stats.protriathletes.org/athlete/rachel-zilinskas"
"","328","300","273","340","Germany",,"https://stats.protriathletes.org/athlete/margrit-elfers"
"","329","282","321","351","Austria",,"https://stats.protriathletes.org/athlete/therese-feuersinger"
"","330","286","291","352","Canada",,"https://stats.protriathletes.org/athlete/serena-xue"
"","331","327","365","316","France",,"https://stats.protriathletes.org/athlete/audrey-merle"
"","332","269","336","314","Spain",,"https://stats.protriathletes.org/athlete/ariadna-ariso-vilanova"
"","333","301","333","331","Finland",,"https://stats.protriathletes.org/athlete/iida-reini"
"","334","334","327","338","United States of America","https://content.protriathletes.org/content/images/2024/05/ccbd4bc9-c738-4cdf-b8f8-4869b87d95c1.png","https://stats.protriathletes.org/athlete/skye-moench"
"","335","328","362","311","Spain",,"https://stats.protriathletes.org/athlete/miriam-casillas-garcia"
"","336","332","325","379","Netherlands",,"https://stats.protriathletes.org/athlete/babette-rosman"
"","337","313","406","291","Belgium",,"https://stats.protriathletes.org/athlete/jolien-vermeylen"
"","338","290","338","332","China",,"https://stats.protriathletes.org/athlete/wang-siyu"
"","339","329","354","353","United States of America",,"https://stats.protriathletes.org/athlete/erika-ackerlund"
"","340","350","364","328","Australia","https://content.protriathletes.org/content/images/2021/03/53cf650c-f60c-4e95-9c75-bb745bfada92.png","https://stats.protriathletes.org/athlete/richelle-hill"
"","341","314","326","373","New Zealand","https://content.protriathletes.org/content/images/2021/03/53cf650c-f60c-4e95-9c75-bb745bfada92.png","https://stats.protriathletes.org/athlete/teresa-adam"
"","342","315","331","359","Germany",,"https://stats.protriathletes.org/athlete/anabel-knoll"
"","343","355","328","330","Canada",,"https://stats.protriathletes.org/athlete/heather-low"
"","344","322","340","337","United States of America",,"https://stats.protriathletes.org/athlete/carolyn-carter"
"","345","278","320","354","New Zealand",,"https://stats.protriathletes.org/athlete/natalie-mitchell"
"","346","384","305","333","Belgium",,"https://stats.protriathletes.org/athlete/amber-lacompte"
"","347","362","337","349","Spain",,"https://stats.protriathletes.org/athlete/maddi-marquet-ferran"
"","348","354","343","292","France",,"https://stats.protriathletes.org/athlete/anais-robin"
"","349","308","363","325","Belarus",,"https://stats.protriathletes.org/athlete/hanna-maksimova"
"","350","437","444","452","United States of America","https://content.protriathletes.org/content/images/2021/10/f07f06d9-78a7-4a2d-a756-6c612f0cdef8.png","https://stats.protriathletes.org/athlete/elizabeth-nyitray"
"","351","351","339","343","Germany",,"https://stats.protriathletes.org/athlete/kristina-krelke"
"","352","349","345","335","Latvia",,"https://stats.protriathletes.org/athlete/baiba-medne"
"","353","467","470","470","Great Britain",,"https://stats.protriathletes.org/athlete/rosie-weston"
"","354","284","316","346","Italy","https://content.protriathletes.org/content/images/2024/05/4f796a41-aa3f-40b9-bc8c-d9c703b7b9ed.png","https://stats.protriathletes.org/athlete/fabia-maramotti"
"","355","374","361","368","Spain",,"https://stats.protriathletes.org/athlete/marta-borbon-llorente"
"","356","342","379","363","Bermuda",,"https://stats.protriathletes.org/athlete/erica-hawley"
"","357","444","457","458","Spain",,"https://stats.protriathletes.org/athlete/eider-bereziartua-agirre"
"","358","443","353","319","United States of America",,"https://stats.protriathletes.org/athlete/samantha-skold"
"","359","403","387","323","Spain",,"https://stats.protriathletes.org/athlete/maria-varo-zubiri"
"","360","338","375","357","Türkiye",,"https://stats.protriathletes.org/athlete/sinem-francisca-tous-servera"
"","361","318","359","393","France",,"https://stats.protriathletes.org/athlete/lena-vaillier"
"","362","360","374","339","Italy",,"https://stats.protriathletes.org/athlete/eva-serena"
"","363","320","372","376","Colombia","https://content.protriathletes.org/content/images/2023/03/b09f1c9e-8cdf-491a-8525-eb60a622fd04.png","https://stats.protriathletes.org/athlete/diana-castillo-franco"
"","364","426","385","336","Canada",,"https://stats.protriathletes.org/athlete/marley-beckett"
"","365","377","356","350","United States of America",,"https://stats.protriathletes.org/athlete/brittaney-talbot"
"","-","0","0","0","Spain",,"https://stats.protriathletes.org/athlete/anna-noguera-raja"
"","367","446","344","377","Switzerland",,"https://stats.protriathletes.org/athlete/petra-eggenschwiler"
"","368","409","335","387","Great Britain","https://content.protriathletes.org/content/images/2024/05/4f796a41-aa3f-40b9-bc8c-d9c703b7b9ed.png","https://stats.protriathletes.org/athlete/ruth-astle"
"","369","325","384","386","Canada",,"https://stats.protriathletes.org/athlete/christine-mckinley"
"","370","381","347","341","Germany",,"https://stats.protriathletes.org/athlete/maja-betz"
"","371","407","334","394","Denmark",,"https://stats.protriathletes.org/athlete/line-bonde"
"","372","373","346","367","Spain",,"https://stats.protriathletes.org/athlete/carolina-laurentiu"
"","373","294","350","451","Spain",,"https://stats.protriathletes.org/athlete/lara-hernandez-tome"
"","374","366","323","364","United States of America",,"https://stats.protriathletes.org/athlete/caroline-shannon"
"","375","392","418","324","Canada",,"https://stats.protriathletes.org/athlete/maia-watson"
"","376","382","400","365","Austria",,"https://stats.protriathletes.org/athlete/julia-hauser"
"","377","445","389","326","United States of America",,"https://stats.protriathletes.org/athlete/rebecca-kawaoka"
"","378","386","370","362","Germany",,"https://stats.protriathletes.org/athlete/julia-klein"
"","379","335","368","416","Spain",,"https://stats.protriathletes.org/athlete/ainhoa-murua-zubizarreta"
"","380","369","392","375","Ireland",,"https://stats.protriathletes.org/athlete/fiona-gallagher"
"","381","397","391","358","Australia","https://content.protriathletes.org/content/images/2021/03/a9bfe739-d52b-40ca-b7d4-187aa357b148.png","https://stats.protriathletes.org/athlete/dimity-lee-duke"
"","382","431","371","374","Great Britain",,"https://stats.protriathletes.org/athlete/mimi-carlton"
"","383","453","358","380","Canada",,"https://stats.protriathletes.org/athlete/astrid-peregord"
"","384","456","376","347","Spain","https://content.protriathletes.org/content/images/2021/03/a9bfe739-d52b-40ca-b7d4-187aa357b148.png","https://stats.protriathletes.org/athlete/gurutze-frades-larralde"
"","385","340","380","384","Japan",,"https://stats.protriathletes.org/athlete/misaki-tanaka"
"","386","430","401","378","Austria",,"https://stats.protriathletes.org/athlete/hannah-roeßler"
"","387","312","349","449","United States of America",,"https://stats.protriathletes.org/athlete/jenna-campbell"
"","388","393","381","382","Israel",,"https://stats.protriathletes.org/athlete/hadas-mazar"
"","389","376","398","360","France",,"https://stats.protriathletes.org/athlete/salome-de-barthez"
"","390","333","388","381","United States of America","https://content.protriathletes.org/content/images/2021/04/abbfadca-a01e-431f-a5a5-2e2cfb1a1a1a.png","https://stats.protriathletes.org/athlete/hannah-sakaluk"
"","391","343","357","390","United States of America",,"https://stats.protriathletes.org/athlete/chelsea-bingham"
"","392","410","395","391","United States of America",,"https://stats.protriathletes.org/athlete/batya-beard"
"","393","391","369","396","Great Britain","https://content.protriathletes.org/content/images/2021/04/90c5c7a8-f87b-47f5-a143-38713386361f.png","https://stats.protriathletes.org/athlete/kimberley-morrison"
"","394","468","382","415","United States of America",,"https://stats.protriathletes.org/athlete/nicole-levenson"
"","395","345","403","421","Italy",,"https://stats.protriathletes.org/athlete/claudia-carmela-paladini"
"","396","450","394","366","United States of America",,"https://stats.protriathletes.org/athlete/brianna-troksa"
"","397","402","373","399","Poland",,"https://stats.protriathletes.org/athlete/gabriela-kaczka-sanak"
"","398","469","342","456","United States of America","https://content.protriathletes.org/content/images/2021/03/650049a0-9cc0-40af-b0b8-a1681917e462.png","https://stats.protriathletes.org/athlete/sarah-bishop"
"","399","341","355","410","Australia",,"https://stats.protriathletes.org/athlete/kerry-morris"
"","400","438","378","370","Japan",,"https://stats.protriathletes.org/athlete/eri-yonamine"
"","401","415","352","400","United States of America",,"https://stats.protriathletes.org/athlete/alayna-szuch"
"","402","368","433","392","Italy",,"https://stats.protriathletes.org/athlete/denise-cavallini"
"","403","395","409","436","Italy",,"https://stats.protriathletes.org/athlete/lisa-watschinger"
"","404","378","377","457","United States of America","https://content.protriathletes.org/content/images/2021/04/abbfadca-a01e-431f-a5a5-2e2cfb1a1a1a.png","https://stats.protriathletes.org/athlete/meredith-keßler"
"","405","416","360","417","Great Britain",,"https://stats.protriathletes.org/athlete/claire-weller"
"","406","380","448","383","Spain",,"https://stats.protriathletes.org/athlete/yaiza-saiz-serrano"
"","407","417","425","398","Canada",,"https://stats.protriathletes.org/athlete/callie-stirling"
"","408","399","404","460","Israel","https://content.protriathletes.org/content/images/2021/04/86eb16eb-52fc-4e17-a556-52962b5552eb.png","https://stats.protriathletes.org/athlete/antonina-reznikov"
"","409","449","393","407","Brazil","https://content.protriathletes.org/content/images/2021/04/86eb16eb-52fc-4e17-a556-52962b5552eb.png","https://stats.protriathletes.org/athlete/ariane-monticeli"
"","410","412","405","405","New Zealand",,"https://stats.protriathletes.org/athlete/laura-armstrong"
"","411","419","399","420","Germany",,"https://stats.protriathletes.org/athlete/jordan-tißink"
"","412","352","417","369","Germany","https://content.protriathletes.org/content/images/2021/05/12b8de28-4304-4c14-b4d7-40174bf079a0.png","https://stats.protriathletes.org/athlete/carolin-lehrieder"
"","413","457","445","372","Finland",,"https://stats.protriathletes.org/athlete/janina-saarnio"
"","414","441","397","431","United States of America","https://content.protriathletes.org/content/images/2024/06/d22454c6-856d-4774-af4a-48ea8c1b8116.png","https://stats.protriathletes.org/athlete/anna-guzman"
"","415","400","410","412","Germany","https://content.protriathletes.org/content/images/2024/06/03235283-848d-4f98-ad28-e9e1d7019c05.png","https://stats.protriathletes.org/athlete/sarah-karollus"
"","416","406","411","402","New Zealand",,"https://stats.protriathletes.org/athlete/heather-neill"
"","417","390","419","419","Azerbaijan",,"https://stats.protriathletes.org/athlete/kseniia-levkovska"
"","418","339","423","428","Poland",,"https://stats.protriathletes.org/athlete/aleksandra-banbor"
"","419","423","414","411","Germany","https://content.protriathletes.org/content/images/2021/04/86eb16eb-52fc-4e17-a556-52962b5552eb.png","https://stats.protriathletes.org/athlete/kristin-liepold"
"","420","439","412","424","Slovakia",,"https://stats.protriathletes.org/athlete/nikola-corbova"
"","421","470","424","434","United States of America",,"https://stats.protriathletes.org/athlete/katie-treston-tomey"
"","422","414","429","438","United States of America",,"https://stats.protriathletes.org/athlete/kinsey-mattison"
"","423","425","416","403","Spain","https://content.protriathletes.org/content/images/2021/04/86eb16eb-52fc-4e17-a556-52962b5552eb.png","https://stats.protriathletes.org/athlete/helena-herrero-gomez"
"","424","371","415","454","Hungary",,"https://stats.protriathletes.org/athlete/dorka-soos"
"","425","447","452","401","Israel",,"https://stats.protriathletes.org/athlete/inbal-haddad"
"","426","421","421","409","Great Britain",,"https://stats.protriathletes.org/athlete/dee-allen"
"","427","428","427","397","United States of America","https://content.protriathletes.org/content/images/2021/05/b995dcc2-5227-4aa7-8414-ab46c6eb075c.png","https://stats.protriathletes.org/athlete/nicole-luse"
"","428","420","390","447","Great Britain",,"https://stats.protriathletes.org/athlete/caroline-livesey"
"","429","436","420","414","Norway",,"https://stats.protriathletes.org/athlete/kaja-wright-bergwitz-larsen"
"","430","435","426","429","Germany",,"https://stats.protriathletes.org/athlete/hannah-arlom"
"","431","372","432","422","Chile",,"https://stats.protriathletes.org/athlete/catalina-salazar-ezquerra"
"","432","461","434","425","Spain",,"https://stats.protriathletes.org/athlete/eneritz-urrutia-tena"
"","433","389","422","432","Israel",,"https://stats.protriathletes.org/athlete/inbar-zahavi"
"","434","432","428","395","France",,"https://stats.protriathletes.org/athlete/alexandra-vano"
"","435","364","453","413","Hungary",,"https://stats.protriathletes.org/athlete/zsofia-kovacs"
"","436","361","431","430","Spain",,"https://stats.protriathletes.org/athlete/chloe-serra-jodin"
"","437","398","459","385","Mexico",,"https://stats.protriathletes.org/athlete/adriana-carreno-cruz"
"","438","429","413","418","Spain",,"https://stats.protriathletes.org/athlete/ana-camino-lacarte"
"","439","413","449","426","Colombia",,"https://stats.protriathletes.org/athlete/lirany-gutierrez"
"","440","375","435","433","Colombia",,"https://stats.protriathletes.org/athlete/maria-cristina-becerra-garzon"
"","441","454","436","406","Spain",,"https://stats.protriathletes.org/athlete/andrea-iglesias-carballido"
"","442","348","430","446","France",,"https://stats.protriathletes.org/athlete/elise-pozzebon"
"","443","434","408","439","United States of America",,"https://stats.protriathletes.org/athlete/elizabeth-james"
"","444","433","456","404","Brazil","https://content.protriathletes.org/content/images/2024/06/a0c2337f-e741-4cd5-907e-3c3c8982bf61.png","https://stats.protriathletes.org/athlete/sofia-gelati"
"","445","448","438","435","Austria",,"https://stats.protriathletes.org/athlete/dominique-lothaller"
"","446","385","437","441","Israel",,"https://stats.protriathletes.org/athlete/hadar-shahar"
"","447","451","407","459","Italy",,"https://stats.protriathletes.org/athlete/valentina-dangeli"
"","448","424","455","442","Brazil",,"https://stats.protriathletes.org/athlete/luma-maruci-guillen"
"","449","418","441","440","Spain",,"https://stats.protriathletes.org/athlete/urkiola-aitziber"
"","450","405","439","445","United States of America",,"https://stats.protriathletes.org/athlete/caitlin-switaj"
"","451","442","442","443","Canada",,"https://stats.protriathletes.org/athlete/jennifer-wilke"
"","452","383","443","437","Italy",,"https://stats.protriathletes.org/athlete/matilde-salati"
"","453","401","446","448","Italy",,"https://stats.protriathletes.org/athlete/sara-durazzi"
"","454","396","440","455","Germany",,"https://stats.protriathletes.org/athlete/saskia-kaes"
"","455","440","383","450","Austria",,"https://stats.protriathletes.org/athlete/magdalena-bernhard"
"","456","458","454","427","Spain",,"https://stats.protriathletes.org/athlete/eva-rodriguez-de-trujillo-campo-coßio"
"","457","427","447","453","Israel",,"https://stats.protriathletes.org/athlete/noa-cafri"
"","458","358","450","462","Portugal",,"https://stats.protriathletes.org/athlete/maria-tome"
"","459","394","366","461","United States of America",,"https://stats.protriathletes.org/athlete/dede-griesbauer"
"","460","455","460","388","Switzerland",,"https://stats.protriathletes.org/athlete/flora-colledge"
"","461","465","462","444","Spain",,"https://stats.protriathletes.org/athlete/sandra-martinez-sierra"
"","462","459","461","465","Spain",,"https://stats.protriathletes.org/athlete/ines-moreno-sanchez"
"","463","463","463","408","Spain",,"https://stats.protriathletes.org/athlete/victoria-benavides-lopez-de-ayala"
"","464","460","458","464","Great Britain",,"https://stats.protriathletes.org/athlete/sammie-amery"
"","465","379","466","466","Spain",,"https://stats.protriathletes.org/athlete/susana-sevillano-arevalo"
"","466","452","467","468","Spain",,"https://stats.protriathletes.org/athlete/larraitz-torrontegui-roo"
"","467","462","468","463","Spain",,"https://stats.protriathletes.org/athlete/alma-quintana-roman"
"","468","466","469","389","Spain",,"https://stats.protriathletes.org/athlete/fernanda-fleischmann-olguin"
"","469","404","465","467","Spain",,"https://stats.protriathletes.org/athlete/luca-lotti-toth"
"","470","464","464","469","Spain",,"https://stats.protriathletes.org/athlete/naiade-velasco-rodriguez"