name,gender
Hayden Wilde,M
Jelle Geens,M
Mika Noodt,M
Marten Van Riel,M
Rico Bogen,M
Morgan Pearson,M
Kristian Blummenfelt,M
Mathis Margirier,M
Jonas Schomburg,M
Youri Keulen,M
Samuel Dickinson,M
Casper Stornes,M
Gregory Barnaby,M
Menno Koolhaas,M
Antonio Benito López,M
Jason West,M
Vincent Luis,M
Sam Long,M
Kristian Høgenhaug,M
Wilhelm Hirsch,M
Jamie Riddle,M
Cameron Main,M
Will Draper,M
Nick Thompson,M
Jake Birtwhistle,M
Fabian Kraft,M
Guillem Montiel,M
Rudy Von Berg,M
Gustav Iden,M
Gregor Payet,M
Matthew Marquardt,M
Magnus Ditlev,M
Finn Große-Freese,M
Henry Räppo,M
Trevor Foley,M
Pieter Heemeryck,M
Sam Appleton,M
Henrik Goesch,M
Harry Palmer,M
Mike Phillips,M
Michele Bortolamedi,M
Dylan Magnien,M
Frederic Funk,M
Leonard Arnold,M
Lasse Nygaard-Priester,M
Colin Szuch,M
Kieran Lindars,M
Nicolas Mann,M
Jackson Laundry,M
Léon Chevalier,M
Jonas Hoffmann,M
Kevin McDowell,M
Jannik Schaufler,M
Ben Kanute,M
Mathias Petersen,M
Josh Ferris,M
Caleb Noble,M
Kurt McDonald,M
Matt Hanson,M
Nathan Guerbeur,M
Jon Sæverås Breivold,M
Cameron Wurf,M
Kacper Stepniak,M
Jesper Svensson,M
Robert Kallin,M
Jack Moody,M
Justus Nieschlag,M
Ben Hamilton,M
Ari Klau,M
Jordi Montraveta Moya,M
Kieran Storch,M
Paul Schuster,M
Ognjen Stojanović,M
Ondrej Kubo,M
Filipe Azevedo,M
Simon Viain,M
Justin Riele,M
Joe Skipper,M
James Teagle,M
Jarrod Osborne,M
Michele Sarzilla,M
Gabriel Sandoer,M
Louis Richard,M
Sam Osborne,M
Marcel Bolbat,M
Valdemar Solok,M
Braden Currie,M
Zack Cooper,M
Jack Hutchens,M
Luciano Taccone,M
Thomas Steger,M
Jens Emil Nielsen,M
Marius Bjerkeset,M
Damien Le Mesnager,M
Thomas Davis,M
Rostislav Pevtsov,M
Jack Sosinski,M
Dieter Comhair,M
Andrea Salvisberg,M
Sam Laidlow,M
Michael Weiss,M
Kyle Smith,M
Vicente Hernandez,M
Mattia Ceccarelli,M
Josh Amberger,M
Federico Scarabino,M
Léo Bergere,M
Luke Jones,M
Emil Holm,M
Rafael Lukatsch,M
Louis Woodgate,M
Louis Buttrick,M
Chris Leiferman,M
Joran Driesen,M
Will Grace,M
Sebastian Norberg,M
Matthew Collins,M
Dominik Sowieja,M
Panagiotis Bitados,M
Lionel Sanders,M
Benjamin Zorgnotti,M
Florian Angert,M
Valentin Rouvier,M
Antony Costes,M
Jonathan Guisolan,M
Tom Vaelen,M
Ruben Zepuntke,M
Hannes Butters,M
Fernando Toldi,M
Mikel Ugarte Ramos,M
Martin Demuth,M
Thomas Navarro,M
Lukas Kocar,M
Julien Hagen,M
Miguel Mattox,M
Quentin Barreau,M
Bart Aernouts,M
Connor Weaver,M
Jonathan Wayaffe,M
Daniel Bækkegård,M
Andre Lopes,M
Emmanuel Lejeune,M
Aaron Royle,M
Nicholas Free,M
William Mennesson,M
Jannik Stoll,M
Arnaud Guilloux,M
Connor Ford,M
Seth Rider,M
Pierre Le Corre,M
David Reynolds,M
Joshua Lewis,M
Marc Dubrick,M
Florent Lefebvre,M
Oliver Turner,M
Andrew Horsfall-Turner,M
Simon Westermann,M
Tomasz Szala,M
Reinaldo Colucci,M
Justin Metzler,M
Matt Kerr,M
Nick Emde,M
Max Stapley,M
Louis Naeyaert,M
Andy Krueger,M
Nathan Dortmann,M
Alexandre Alvarez Ferreira,M
Zachary Bernier-Michaud,M
Jan Stratmann,M
Simon Davis,M
Milosz Sowinski,M
Martin Ulloa,M
Christophe De Keyser,M
Michiel Stockman,M
Nils Huckschlag,M
Cenzino Lebot,M
Patrick Lange,M
John Killeen,M
Casimir Moine,M
Roland Crantock,M
Janne Buettel,M
Magnus Maenner,M
Tayler Reid,M
Pamphiel Pareyn,M
Lachlan Haycock,M
Juan Ignacio Villarruel Curra,M
Paulin Philippe,M
Alessio Crociani,M
Vincent Groeßer,M
Thomas Ott,M
Joao Ferreira,M
Nicholas Holmes,M
Leon Pauger,M
Nicholas Chase,M
Patrick Cometta,M
Piotr Lawicki,M
Anders Toft Nielsen,M
Julen Lopetegui Garcia,M
Calvin Amos,M
Wojciech Kopycinski,M
Paul Weigand,M
Ernest Mantell,M
Frederick Webb,M
Pello Osoro Gutierrez,M
Danilo Pimentel,M
Mitchell Kibby,M
Mark Romano,M
Yvan Jarrige,M
Cedric Osterholt,M
Andrea Figini,M
Nick Thijs,M
Timo Schaffeld,M
Nils Lorenz,M
Gustav Palm-Henriksen,M
Sam Musgrove,M
Mathieu Merland,M
Joel Wooldridge,M
Blake Selm,M
Malachi Cashmore,M
Matthew Ralphs,M
Brock Hoel,M
Jan Volar,M
Andreas Dreitz,M
Robbie Deckard,M
Joshua Berles,M
Niklas Ludwig,M
Jonathan Homberg,M
Pierre Stieremans,M
Alejandro Rodriguez Rilo,M
Giel Meesen,M
Joost Friderichs,M
Manoel Messias Dos Santos,M
Matthew Kaminer,M
Mitchell Ott,M
Neilan Kempmann,M
Alexander Richter,M
Lukas Stahl,M
Stefan Zachaeus,M
Diego Moya,M
Igor Amorelli,M
Clement Grandy,M
Julen Diez Rodriguez,M
Martin Baeza Munoz,M
Sven Oliver Thalmann,M
Sam Wordley,M
Jumpei Furuya,M
Silvije Tomac,M
Marc Eggeling,M
Thomas Vanhalst,M
Fernando Zorrilla Medrano,M
Carlos Oliver Vives,M
Matthew Sharpe,M
Brennen Smith,M
Justus Töpper,M
Niels Vanhove,M
Gábor Faldum,M
Elliot Bach,M
Jacek Krawczyk,M
Matt McWilliams,M
Hamish Longmuir,M
Benjamin Hill,M
Pierre Ruffaut,M
Fabian Dutli,M
Enzo Krauss,M
Yago Rodrigues Santos Alves,M
Milan Brons,M
Kristian Grue,M
Thibault Colard,M
Dylan Gillespie,M
Laurin Wehrle,M
Romain Rezsohazy,M
Maxence Mey,M
Ben Akin,M
Corentin Chouvelon,M
Samuel Boettinger,M
Yegor Martynenko,M
Lukas Stengel,M
Victor Arroyo Bugallo,M
Diego Mentrida Zamarra,M
Alessandro Fabian,M
Trent Thorpe,M
Scott Harpham,M
Hadrien Baritaux,M
Philip Refslund,M
Maxim Chane,M
Stenn Goetstouwers,M
Brad Bischoff,M
Drew Jordan,M
Thor Bendix Madsen,M
Arne Leiss,M
Scott Ludford,M
Gonzalo Fuentes,M
Ted Treise,M
Henri Schoeman,M
Toby Nisbet,M
Pierre Dupuy,M
Patrick Benz,M
Tuan Chun Chang,M
Robby Webster,M
Matthew Guenter,M
Max Mahoney,M
Luke Mathews,M
Tom Somerville,M
Bastian Peitersen,M
Ivan Cappelli,M
Sebastian Aschenbrenner,M
Sven Wies,M
Brett Clifford,M
Sergio Lopez Santamaria,M
Olaf Van Den Bergh,M
Mitch Wismans,M
Lilian Pierre,M
Alex Woodman,M
Bogdan Kovalenko,M
Aichlinn O'Reilly,M
Dorian Muller,M
Henry James,M
Lorenzo Delco,M
Boden Gentile,M
Cyrill Knechtle,M
Filippo Candeo,M
James Scott-Farrington,M
Filip Szymonik,M
Miguel Hidalgo,M
Tristan Olij,M
Dries Matthys,M
Simon Shi,M
Jan Poplawski,M
Kyle Warrick,M
Hugo Figueiredo,M
Adrien Briffod,M
Jye Spriggs,M
Joaquin Pereda Charles,M
Ron Epple,M
Maxime Rivron,M
Victor Alexandre,M
Thomas McManners,M
Adam Lennell,M
Guy Crawford,M
Kevin Bishop,M
Adam Feigh,M
Etienne Tillon,M
Lars Lomholt,M
Paul Loiseaux,M
Kenji Nener,M
Will Crudgington,M
Todd Wakefield,M
Thomas Page,M
Cameron MacNair,M
Jan Kepinski,M
Justus Bennewitz,M
Evan Price,M
Harrison Wiles,M
Matthieu Bolzer,M
Yang Pan,M
Johnathan Dolan,M
James Hayes,M
Alejandro Guzman Medina,M
Morgan Rhodes,M
Johannes Vogel,M
Thomas Bishop,M
Michael Arishita,M
Klodian Mitri,M
Kevin Portmann,M
Cody Beals,M
Yoann Colin,M
Yannick Fischbach,M
Will Clarke,M
Devin Volk,M
Toon Marien,M
Pim Van Diemen,M
Rhys Corbishley,M
Max Kohll,M
Matt Jackson,M
Jan Stepinski,M
Albert Askengren,M
Jakob Bloch,M
Miguel Ledesma,M
Oliver Waymark,M
Matthew McElroy,M
Ole-Bernard Fuskevag,M
Liam Duval,M
Alexandre Nobre,M
Garrett Mayeaux,M
Jean Duchampt,M
Luis Henrique Ohde,M
Robert Wilkowiecki,M
Nicolas Saez,M
Nick Cosman,M
Vincent Clavel,M
Thomas Teofili,M
Bradley Weiss,M
Joao Dias,M
Davide Verzella,M
Fabian Meeusen,M
Florian Kandutsch,M
Logan Pollander,M
Mateo Reddy,M
Brian Reynolds,M
Trevor Delsaut,M
Rasmus Svenningsson,M
Kaito Tohara,M
Matthew Palmer,M
Quentin de Vos,M
Connor Oats,M
Rodrigo Gonzalez,M
Tyler Mislawchuk,M
Florin Parfuss,M
Christian Haas,M
Cédric Ludet,M
Clement Mignon,M
Diego Martin Conde,M
Tim Gosnjak,M
Erwan Jacobi,M
Romain Aymon,M
Roberto Sanchez Mantecon,M
Ivan Abele,M
Pavel Wohl,M
Pascal Franken,M
Sven Altermatt,M
Iestyn Harrett,M
Antonio Limoli,M
Flavio Morandini,M
Vicente Saraiva Junior,M
Philip Pertl,M
Alexander Frank,M
Almog Elazary,M
James Bilbrey,M
Matt Schafer,M
Joao Teixeira Alvares Neto,M
Danilo Melo,M
Tomasz Brembor,M
Nicolas Gilbert,M
Antoine Muller,M
Eric Lauricella,M
Robin Dupuy,M
Stefan Graf,M
Tommy Doubleday,M
Max Studer,M
Zach Aldrich,M
Nicolas Quenette,M
Jonathan Brownlee,M
Robin Hermann,M
Sven Van Luyck,M
Domenico Passuello,M
Robert Huisman,M
Branden Scheel,M
Gabin Mantulet,M
Vicenç Castellà Serra,M
Max Menzel,M
Herbert Enzinger,M
Jason Pohl,M
Jonathan Fecik,M
Victor Alvarez De La Cruz,M
Michal Grabowski,M
Itamar Eshed,M
Michael Chronert,M
Sebastian Fuchs,M
Maxence Castel Gautier,M
Pascal Tischler,M
Guillem Rojas Moreno,M
Felix Hentschel,M
Andrew Shellenberger,M
Matthew Dochnal,M
Dylan Thissen,M
Chase Mcqueen,M
Yannick Matejicek,M
Alessandro Vita,M
Jonathan Sanchez Mosquera,M
Ryan Sedivec,M
Benjamin Goodfellow,M
Cameron Wilson,M
David Guenthardt,M
Marijn Markusse,M
Jari Claes,M
Brian Folts,M
Cesar Neveu,M
Chris Beckmans,M
David Rother,M
Roee Zoarets,M
Mikel Txopitea Elorriaga,M
Ross Baldwin,M
Angel Ruiz,M
Kevin Rundstadler,M
Louis Heukemes,M
Thomas Gordon,M
Tuz-i Pan,M
Avery Ling,M
Greg Harper,M
Roger Manya Valenzuela,M
Maximilian Sperl,M
Connor Readman,M
Tjebbe Kaindl,M
Ben Randall,M
Thomas Huwiler,M
Georg Enzenberger,M
Dylan Nortje,M
Russell White,M
Bailey Tuddenham,M
Matteo Bringer,M
Thomas Inigo,M
Finn Arentz,M
Jason Christie,M
Niek Heldoorn,M
Brecht Van Vooren,M
Luca Barbagallo,M
Gotzon Gondra Etxebarria,M
Adrian Escrig,M
Marc Unger,M
Pavel Hradil,M
Kaeleb Pennington,M
Hao Miao,M
Julian Grosskopf,M
Brodie Talbot,M
Kevin Brann,M
Strahinja Trakic,M
Andrea Cloarec,M
Louis Coqueret,M
Mitchell Kirby,M
Bartosz Banach,M
Mike Tong,M
Denis Chevrot,M
Alexandre Banville,M
Thomas Bosch,M
Valentino Agnelli,M
Hunter Lussi,M
Christoph Mattner,M
Jamie Price,M
Matheus Diniz,M
Nik Reinert,M
Kristoffer Visti Graae,M
Noah Shlesinger,M
Will Munday,M
Keegan Cooke,M
Christoffer Heick,M
Renning Elischer,M
David Pinsonneault,M
Morten Schmidt,M
Stephan Benedikt,M
Alexandre Stocco,M
Edoardo Leone,M
Benjamin Adriazola,M
Vicente Trewhela,M
Victor Henry,M
Timmo Jeret,M
Christopher Hammer,M
Alexander Unzueta,M
Lukas Gstaltner,M
Luis Miguel Velasquez,M
Nathan Josefski,M
Brian Llamas,M
Tomasz Marcinek,M
Esteban Bringer,M
Ander Segurola Uli,M
David Breinlinger,M
Lukasz Lis,M
Jaume Florit Orell,M
Garrick Loewen,M
Matthew Richard,M
Arthur Horseau,M
Rinel Pius,M
Thomas Walsh,M
Zoran Nikolics,M
Benjamin Rana,M
Thibault Montmeat,M
Gorka Arechabaleta Guerrero,M
William Even,M
Vasco Vilaca,M
Jayden Kuijpers,M
Sebastian Wernersen,M
Jack Hindle,M
Jacob Lipari,M
Nick Bensley,M
David Guete,M
Raphael Petrovic,M
Mikel Mugica Bikuna,M
Csongor Lehmann,M
Gonzalo Garvey,M
Lluis Ropero Tapia,M
Lasse Lührs,M
Kelly Thompson,M
Ricardo Marquez Monzo,M
Felix Schulz,M
Ludovic Roussel,M
Samuel Linsenmeier,M
Felipe Bianchi,M
Miguel Fernandez Garcia,M
Zsombor Deak,M
Matthias Tuerk,M
Scott Steenberg,M
Tommaso Puccini,M
Robert Schoenberger,M
Kyle Tremayne,M
Marek Janisz,M
Patrick Brady,M
Jacob Osswald,M
Adam Goulet,M
Gwenael Millot,M
Raphael Junghans,M
Lukas Schnoedewind,M
Florian Lienhart,M
Adam Munch,M
Daniel Mugica Corrales,M
Lilian Calmejane,M
Jose Cordova Perez,M
Tim Van Berkel,M
Arthur Serrieres,M
Max Neumann,M
Shachar Sagiv,M
Raul Arratia,M
Dario Giovine,M
Liam Bird,M
Theo Charre,M
Levi Hauwert,M
Mitchell Bronstetter,M
Anton Blokhin,M
Carlos Aznar Gallego,M
James Thorp,M
Jesse Hinrichs,M
Mikel Arrasate Larrea,M
Telmo Barrutia Covas,M
Ander Irigoyen Egia,M
Joan Reixach Abril,M
Levente Lukacs,M
Blake Harris,M
Eneko Elosegui,M
Nahuel Silio,M
Sebastian Hauer,M
Aitor Arotzena Lopez,M
Nicola Piccinin,M
Erik Spindler,M
Martin Baeza,M
Nicholas Dicklin,M
Zach Leachman,M
David Plese,M
Lennart Sievers,M
Gergo Badar,M
Erik Mahoney,M
Ivan Alvarez Gomez,M
Jack Crome,M
Alois Knabl,M
Romaric Forques,M
Merten Breye,M
Christopher Dels,M
Gustavo Wiebbeling,M
Roberto Rivera Cabrera,M
Clement Maret,M
Drake Deuel,M
Alexander Fuller,M
Matthias Steinwandter,M
Antonio Hernaert,M
Simon Huckestein,M
Ignacio Cabrera Fernandez,M
Davide Rossetti,M
Zed Roy,M
Rene Jensen,M
Emilio Tizon Valverde,M
Eduardo Perez Sandi Garcia,M
Matthieu Bourgeois,M
James Whelan,M
Fernando Santander de la Munoza,M
Armando Abaunza,M
Fabian Schoenke,M
Alejandro Garcia Sanchez,M
Yorlliry Moreno,M
Matti Weitz,M
Erik Yamir Ramos Croda,M
Andrea Jonathan Alagona,M
Sasha Caterina,M
Inigo Duarte Mijangos,M
Amaury Dehez,M
Chia Hao Chang,M
Liam Lloyd,M
Thomas Garvey,M
Jorik Van Egdom,M
Tomas Renc,M
Calvin Dräger,M
Felipe Bergamini,M
Ian King,M
Simon Wendlandt,M
Christoph Ladits,M
Kerman Alonso Vicente,M
Marcelo Delgado Landazuri,M
Pedro Leal,M
Jordan Rieck,M
Ramir Marques Fas,M
Tristan Price,M
Dehan Louw,M
Cory Mayfield,M
Pablo Cueto,M
Stuart Gildea,M
Hans-Joerg Stolz,M
Aimar Murua Poza,M
Rodrigo Alvarez Manzo,M
Leonel Lucas,M
Ivor Feunekes,M
Martin Cando Santos,M
Flavio Da Silva Queiroga,M
Anthony Roux,M
Gabriel Teran,M
David Mendes Mercado,M
Ryan Lund,M
Patrik Glaser,M
Armando Matute,M
Sylvain Fridelance,M
Jules Rau,M
Brandon Copeland,M
Patrik Krelke,M
Paul Georgenthum,M
Daniel Tolosa,M
Lars Van Eesbeeck,M
Rastislav Srnanek,M
Oliver Korfitsen,M
Briac Tence,M
Kelvin Gomez,M
Alberto Bartolomeo Demarchi,M
Jordi Garcia Gracia,M
Ramon Ejeda Medina,M
Julian Becker,M
Sybren Baelde,M
Hector Tolsa García,M
Joren Thys,M
Thibault Delvenne,M
Jesse Vondracek,M
Tommaso Paoletti,M
Thomas Devaux,M
Lucas Moder,M
Thomas Nielsen,M
Ul Densa,M
Jere Helminen,M
John Samuel Fothergill,M
Dylan Clough,M
Corey Bellemore,M
Carter Stuhlmacher,M
Eugenio Moreno Gonzalez,M
Joe Begbie,M
Joanes Goitisolo Otazua,M
Sergi Vera Font,M
Maurice Clavel,M
Haritz Garate Txurruka,M
Nicholas Marcantonio,M
Sam Hartle,M
Thomas Davies,M
Ander Noain,M
Malte Kreibich,M
Martin Schulz,M
Joakim Gartmark,M
Jordan Bryden,M
Jamie Bedwell,M
Nel Provost,M
Gaspard Tharreau,M
Matheus Menezes,M
Benjamin Deal,M
Frederik Mathiesen,M
Thomas Burr,M
Takaaki Koja,M
Federico Murero,M
Joshua Monda,M
Bastien Kerangoff,M
Ben Hoffman,M
William Fanet,M
Sander Heemeryck,M
Luca Heerdt,M
Arnaud Dely,M
Sergio Ortiz Velasco,M
Ilya Prasolov,M
Vant Lammers,M
Richard Varga,M
Xoel Abad,M
David Martin,M
Jesse Van Hulst,M
Silas Schmitt,M
Roberto Mohedano Rubio,M
Theotime Lawson,M
Fraser Walsh,M
Kit Walker,M
Gorka Blasco Diaz,M
Pere Bifet Verge,M
Matt Burton,M
Daniel Bluff,M
Pete Jacobs,M
Joeri Ameye,M
Francisco Javier Pelegrin Martinez,M
Marcel Bischof,M
Daniel Rodriguez,M
Shachar Agur,M
Valentin Wernz,M
Aaron Kolk,M
Wai Kai Wang,M
Oliver Terry,M
Jonas De Wachter,M
Adrian Alvaro García,M
Silas Plambaek,M
Jaime Izquierdo Alcazar,M
Matthias Hohlrieder,M
Timothy Van Houtem,M
Pietro Santini,M
Michael Hesse,M
Franck Guyon,M
Per Van Vlerken,M
Connor Callahan,M
Gaetan Fetaud,M
William McElgunn,M
David Blasco Ano,M
Remi Huens,M
Manuel Lessing,M
Nick Baldwin,M
Theo Debard,M
Quentin Amaral,M
Jose Cabeca,M
Joshua Wooldridge,M
Joona Lehtonen,M
Christian Davey,M
Karl-Johan Danielsson,M
Paulo Roberto Maciel da Silva,M
Reuben Dyer,M
Nathan Callais,M
Akseli Ylikoski,M
Robert Swan,M
Ander Michelena Beltran De Heredia,M
Alexander Berggren,M
Martin Garcia,M
Baptiste Delmas,M
Jose Luis Orozco,M
Kristian Hindkjaer,M
Nick Carling,M
Eitan Yudashkin,M
Jack Pringle,M
Vincent Couty,M
Emmett Gross,M
Marco Gallina,M
Alejandro Astaburuaga Erena,M
Tyler Robakiewicz,M
Arthur Berland,M
Steven Zawaski,M
Mathieu Rigollot,M
Gerard Hubbard,M
Matthew Tonge,M
Junjie Fan,M
Jurriaan Schuring,M
Yoav Maliar,M
Taylor Days-Merrill,M
Oliver Pritchard,M
Noe Chaufferin,M
Patrick Bleasel,M
Yunior Rosete Torres,M
Shen-Yen Hsieh,M
Dillon Longo,M
Loris Millot,M
Robert Budai,M
Avraham Mana,M
Brice Gayant,M
Javier Del Moral Munoz,M
Lukasz Wojt,M
Nathan Cohen,M
Sixten Andersson,M
Albert Garces,M
Tamas Wagner,M
Jakob Mignon,M
Alexander Bozhilov,M
Tyson Wieland,M
Lucas Herzog,M
Jorge Orrego Rivera,M
Leo Cochin,M
Jacob Deysher,M
Oliver Zsebe,M
Maykon Douglas Das Silva Nascimento,M
Steven Galibert,M
Gabriel Klein,M
Levente Berekmeri,M
Ben Stern,M
Ismael Bocadulce Serrano,M
Thiago Vinhal,M
Nicolas Thomas,M
Juuso Manninen,M
Jose Saenz,M
Joep Staps,M
Arturo Salinas,M
Clement Simon,M
Jared Balady,M
Pablo Abad Castillo,M
Hugo Ramos Del Barco,M
Louis Nicolaou,M
Solly Camard,M
Daniel Hahn,M
Richard Westover,M
Thomas Angerer,M
Travis Wood,M
Bruno Slegers,M
Eduard Pujades Llombart,M
Mikel Gomez Martinez de Manso,M
Edouard Verstraete,M
Antoine Waltzing,M
Andrew Woodroffe,M
Mael Bissardon,M
Rongheng Chen,M
Alvaro Campos,M
Julen Azkue Erauskin,M
Florian Maguerre,M
Dylan Mcmurrer,M
Dominic Pollizzi,M
Romain Loop,M
Xabier Tijero Santillan,M
Wout Coenegrachts,M
Alvaro Basagoiti,M
Tom Zieba,M
Amaury Theard,M
Mohamad Alsabbagh,M
Taylor Reid,M
Mikel Astiz Erro,M
Jean-Claude Besse,M
Sebastien Perpette,M
Juan David Prada,M
Benjamin Raffard,M
Frederic Schaffner,M
Nicolas Terrien,M
Antonin Lagarde,M
Dennis Ljung,M
Thomas Postic,M
Lucas Aurell Badenas,M
Mathias Schenk,M
Valentin Le MellÉdo,M
Jules Bidaux,M
Bastian Luthmann,M
Denis Pyryev,M
Pierre Maguero,M
Aitor Tejeria Aizpurua,M
Dan Alterman,M
Jon Garcia Uriarte,M
Jaron Piercy,M
Daniel Noeu,M
Mikel Aristi Gardoki,M
Edgar Epifanio Delgado,M
Benat Bengoechea De La Iglesia,M
Damian Martinez Baz,M
Lander Ortega Alvarez,M
Jon Unanue,M
Tom Epton,M
David Herrera Gonzalez,M
Bruno Matheus,M
Mikel Garmendia Cruz,M
Alexis Rochat,M
Rafael Mansano Pires,M
Dan Aryeh,M
Nicolas Dominguez Garcia,M
Philipp Lamprecht,M
Joseba Del Barrio Sanz,M
Lennard Böge,M
Fabian Carmona Atanes,M
Gorka Bizkarra Etxegibel,M
Miguel Cruz Arribas,M
Emil Shakhkeldian,M
Miguel Zarzoso Garijo,M
Remi Conte,M
Albert Sole Salcedo,M
Luis Carlos De La Casa Camuñas,M
Oscar Gonzalez Dorado,M
Rafael Madrid Almena,M
Jose Maria Jimenez Del Cano,M
Odei Aristu Laiglesia,M
Juan Carlos Martin Maldonado,M
Txomin Osoro,M
Asaf Porat,M
Javier Cardona Recio,M
Alejandro Salmeron Tenorio,M
Biel Gacias Font,M
Alexandre Castel Gautier,M
Lluis Antoni Rodas Canellas,M
Jose Miguel Vela Pulido,M
David Rodriguez,M
Or Shpitzen,M
Yann Massyn,M
Kenneth Vandendriessche,M
Fabrice Van Espen,M
Alvaro Martin Navarro,M
Daniel Velasco Garcia,M
Kate Waugh,F
Julie Derron,F
Lucy Charles-Barclay,F
Taylor Knibb,F
Kat Matthews,F
Ashleigh Gentle,F
Jessica Learmonth,F
Solveig Løvseth,F
Georgia Taylor-Brown,F
Laura Philipp,F
Paula Findlay,F
Hannah Berry,F
Holly Lawrence,F
Lisa Perterer,F
Ellie Salthouse,F
Lucy Byram,F
Caroline Pohle,F
Taylor Spivey,F
Sara Pérez Sala,F
Hanne De Vet,F
India Lee,F
Lizzie Rayner,F
Grace Thek,F
Marta Sánchez,F
Jackie Hering,F
Lotte Wilms,F
Alanis Siffert,F
Marjolaine Pierré,F
Katrine Græsbøll Christensen,F
Natalie Van Coevorden,F
Daniela Kleiser,F
Danielle Lewis,F
Marlene De Boer,F
Lena Meißner,F
Anne Reischmann,F
Tamara Jewett,F
Rebecca Anderbury,F
Sara Svensk,F
Leana Bissig,F
Laura Jansen,F
Amelia Watkinson,F
Megan McDonald,F
Nina Derron,F
Kaidi Kivioja,F
Diede Diederiks,F
Grace Alexander,F
Regan Hollioake,F
Anne-Sophie Pierre,F
Daisy Davies,F
Justine Guerard,F
Elisabetta Curridori,F
Lydia Russell,F
Els Visser,F
Marta Lagownik,F
Maja Stage Nielsen,F
Bianca Bogen,F
Charlene Clavel,F
Lisa Becharas,F
Justine Mathieux,F
Anastacia Damm Nielsen,F
Alice Alberts,F
Cecilia Perez,F
Merle Brunnee,F
Emilie Morier,F
Chloe Hartnett,F
Jenny Jendryschik,F
Vittoria Lopes,F
Djenyfer Arnold,F
Jeanne Collonge,F
Lottie Lucas,F
Aurelia Boulanger,F
Adele Likin,F
Nicole Van der Kaay,F
Gabrielle Lumkes,F
Solenne Billouin,F
Julie Iemmolo,F
Anna Pabinger,F
Gabriella Zelinka,F
Sandra Huon,F
Luisa Iogna Prat,F
Jeanni Metzler,F
Jana Uderstadt,F
Lisa-Maria Dornauer,F
Rhianne Hughes,F
Tiina Pohjalainen,F
Rebecca Clarke,F
Marta Bernardi,F
Megan Armitage,F
Henrike Gueber,F
Charlotte McShane,F
Leonie Konczalla,F
Samantha Kingsford,F
Gabriele Maria Obmann,F
Julia Skala,F
Rachel Brown,F
Shiva Leisner,F
Lilli Gelmini,F
Danielle Fauteux,F
Skye Wallace,F
Stephanie Clutterbuck,F
Katharina Krüger,F
Lisa Gerss,F
Pamella Oliveira,F
Jasmine Brown,F
Romina Biagioli,F
Laura Madsen,F
Annamarie Strehlow,F
Minttu Hukka,F
Sofia Aguayo Mauri,F
Nikita Paskiewiez,F
Chelsea Sodaro,F
Johanna Ahrens,F
Molly Savill,F
Bridget Theunissen,F
Ekaterina Shabalina,F
Sarah Schoenfelder,F
Jocelyn McCauley,F
Rosie Wild,F
Marie Luyckx,F
Alycia Fast,F
Eloise Du Luart,F
Laura Kessler,F
Paige Cranage,F
Marissa Lovell,F
Katie Phipkin,F
Arlette Mariana Gonzalez Hurtado,F
Caroline Kaplan,F
Fiona Moriarty,F
Maaike Vooren,F
Penny Slater,F
Kyra Meulenberg,F
Eva Cornelisse,F
Magda Nieuwoudt,F
Carolin Meyer,F
Antonia Milowsky,F
Katie Remond,F
Fenella Langridge,F
Chloe Nicolas,F
Heleen Moes,F
Mena Suter,F
Judith Corachan Vaquera,F
Zaira Lorenzo Perez,F
Hannah Knighton,F
Jenna Haufler,F
Margarita Ryan,F
Carolyn Olsen,F
Chloe Lane,F
Joanna Ryter,F
Chelsea Hollingsworth,F
Milan Agnew,F
Miranda Tomenson,F
Amanda Macuiba,F
Sina Ziegler,F
Maela Moison,F
Sophie Malowiecki,F
Caterina Mariani,F
Michelle Stratton,F
Katie Colville,F
Sarah Thomas,F
Katharina Wolff,F
Laura Mathews,F
Lauren Hume,F
Abigail Bedwell,F
Pietra Picolo Meneghini,F
Raquel Rocha,F
Kerry Girona,F
Hanni Van Wyk,F
Sophie Delguste,F
Romina Palacio Balena,F
Angharad Llewellyn,F
Alexandra Watt,F
Carolina Fernandez Ortuno,F
Jamie Besse,F
Barbara Riveros,F
Jodie Robertson,F
Simona Krivankova,F
Rebecca Yunginger,F
Olivia Dietzel,F
Jessica Smith,F
Allison Jacob,F
Kate Gillespie-Jones,F
Leslie Homol,F
Kelly Barton,F
Alexia Bailly,F
Tara Rooney,F
Kristen Marchant,F
Jacqueline Kallina,F
Alice Fritzsche,F
Zoe Leurs,F
Annette Rogers,F
Agnieszka Gadomska,F
Anne Basso,F
Bruna Stolf,F
Dominika Jamnicky,F
Nikki Bartlett,F
Megan Tuncer,F
Angela Naeth,F
Mathilde Cartier,F
Laura Addie,F
Steffie Le Benezic,F
Madlen Kappeler,F
Lea Riccoboni,F
Kate Bevilaqua,F
Simone Dailey,F
Sara Sandrini,F
Nicole Falcaro,F
Camilla Elofsson,F
Salome Hegi-Altermatt,F
Margareta Bicanova,F
Kate Curran,F
Mareike Guhl,F
Hannah Munday,F
Lara Rajteric,F
Erika Danckers,F
Marion Colard,F
Cathia Schär,F
Brittany Higgins,F
Mikelle Coelho,F
Rachael Tatko,F
Joeanna Nielsen,F
Alicja Ulatowska,F
Macarena Salazar Ezquerra,F
Marie Ingerhed,F
Katie Spoelman-Vanacker,F
Anna Bergsten,F
Sophia Stückrad Deboy,F
Danyella Eberle,F
Anna Buettner,F
Jasmine Holmes,F
Amelie Kretz,F
Haley Chura,F
Emma Claisse,F
Freya Mckinley,F
Caitlin Alexander,F
Courtney Wevers,F
Rachael Mccarthy,F
Kylie Simpson,F
Ali Brauer,F
Chloe Sparrow,F
Anja Koller,F
Sarah Karpinski,F
Franzi Hofmann,F
Abbie Sullivan,F
Hannah Walz,F
Sloane Tilley,F
Maialen Azpiazu,F
Christine Massey,F
Desiree Knecht,F
Laura Siddall,F
Mary Ortega,F
Rachel Olson,F
Elizabeth Heinbach,F
Stephanie Wunderle,F
Aoibh Clarke,F
Mariana Andrade,F
Melanie McQuaid,F
Tanja Stroschneider,F
Kathrin Halter,F
Giorgia Priarone,F
Loanne Duvoisin,F
Emely Ravn,F
Mariella Sawyer,F
Emma Skaug,F
Vanessa Pereira,F
Francisca Garrido,F
Jodie Stimpson,F
Morgan Branchoux,F
Lydia Dant,F
Sophia Green,F
Dieuwertje Bax,F
Micah Gay,F
Amy Vantassel,F
Laura Gomez Ramon,F
Adriana Carreno,F
Alice Cote-Allard,F
Brittany Vocke,F
Danae Morris,F
Fernanda Penkal,F
Sabrina Exenberger,F
Kayla Bowker,F
Anna Trützschler,F
Brooke Gillies,F
Corinne Mouw,F
Kayla Pokorny,F
Luiza Pais,F
Liz Licea,F
Florencia Vasquez,F
Stephanie Demestichas,F
Emily Tato,F
Claire Hann,F
Nicole Pelin,F
Clarice Chastang,F
Tanja Neubert,F
Maja Indermühle,F
Gabrielle Suver,F
Danielle Donaldson,F
Francesca Crestani,F
Brittani Shappell,F
Elizabeth Bravo,F
Amber Ferreira,F
Dieske Kruisselbrink,F
Clare Dasso,F
Mikayla Messer,F
Cassie Heaslip,F
Barbora Besperat,F
Olivia Keiser,F
Meghan Dirito,F
Alexandra Tondeur,F
Sif Bendix Madsen,F
Sarah Bonner,F
Sophie Fischer,F
Rachel Faulds,F
Alice Betto,F
Kirsten Kasper,F
Katharina Loidl,F
Imogen Simmonds,F
Lauren Courtway,F
Patricia Bueno Perez,F
Chloe Coronado Winn,F
Nelly Rassmann,F
Clara Guimaraes Lara De Carvalho,F
Jeanne Lehair,F
Maisa Tuliniemi,F
Jessica Turanec,F
Nathalie Krause,F
Maya Kingma,F
Rachel Zilinskas,F
Margrit Elfers,F
Therese Feuersinger,F
Serena Xue,F
Audrey Merle,F
Ariadna Ariso Vilanova,F
Iida Reini,F
Skye Moench,F
Miriam Casillas Garcia,F
Babette Rosman,F
Jolien Vermeylen,F
Wang Siyu,F
Erika Ackerlund,F
Richelle Hill,F
Teresa Adam,F
Anabel Knoll,F
Heather Low,F
Carolyn Carter,F
Natalie Mitchell,F
Amber Lacompte,F
Maddi Marquet Ferran,F
Anaïs Robin,F
Hanna Maksimova,F
Elizabeth Nyitray,F
Kristina Krelke,F
Baiba Medne,F
Rosie Weston,F
Fabia Maramotti,F
Marta Borbon Llorente,F
Erica Hawley,F
Eider Bereziartua Agirre,F
Samantha Skold,F
Maria Varo Zubiri,F
Sinem Francisca Tous Servera,F
Lena Vaillier,F
Eva Serena,F
Diana Castillo Franco,F
Marley Beckett,F
Brittaney Talbot,F
Anna Noguera Raja,F
Petra Eggenschwiler,F
Ruth Astle,F
Christine Mckinley,F
Maja Betz,F
Line Bonde,F
Carolina Laurentiu,F
Lara Hernandez-Tome,F
Caroline Shannon,F
Maia Watson,F
Julia Hauser,F
Rebecca Kawaoka,F
Julia Klein,F
Ainhoa Murua Zubizarreta,F
Fiona Gallagher,F
Dimity-Lee Duke,F
Mimi Carlton,F
Astrid Peregord,F
Gurutze Frades Larralde,F
Misaki Tanaka,F
Hannah Roessler,F
Jenna Campbell,F
Hadas Mazar,F
Salome De Barthez,F
Hannah Sakaluk,F
Chelsea Bingham,F
Batya Beard,F
Kimberley Halton-Farrow,F
Nicole Levenson,F
Claudia Carmela Paladini,F
Brianna Troksa,F
Gabriela Kaczka-Sanak,F
Sarah Bishop,F
Kerry Morris,F
Eri Yonamine,F
Alayna Szuch,F
Denise Cavallini,F
Lisa Watschinger,F
Meredith Kessler,F
Claire Weller,F
Yaiza Saiz Serrano,F
Callie Stirling,F
Antonina Reznikov,F
Ariane Monticeli,F
Laura Armstrong,F
Jordan Tissink,F
Carolin Lehrieder,F
Janina Saarnio,F
Anna Guzman,F
Sarah Karollus,F
Heather Neill,F
Kseniia Levkovska,F
Aleksandra Banbor,F
Kristin Liepold,F
Nikola Corbova,F
Katie Treston-Tomey,F
Kinsey Mattison,F
Helena Herrero Gomez,F
Dorka Soos,F
Inbal Haddad,F
Dee Allen,F
Nicole Luse,F
Caroline Livesey,F
Kaja Wright Bergwitz-Larsen,F
Hannah Arlom,F
Catalina Salazar Ezquerra,F
Eneritz Urrutia Tena,F
Inbar Zahavi,F
Alexandra Vano,F
Zsofia Kovacs,F
Chloe Serra Jodin,F
Adriana Carreno Cruz,F
Ana Camino Lacarte,F
Lirany Gutierrez,F
Maria Cristina Becerra Garzon,F
Andrea Iglesias Carballido,F
Elise Pozzebon,F
Elizabeth James,F
Sofia Gelati,F
Dominique Lothaller,F
Hadar Shahar,F
Valentina D'Angeli,F
Luma Maruci Guillen,F
Aitziber Urkiola Zendoia,F
Caitlin Switaj,F
Jennifer Wilke,F
Matilde Salati,F
Sara Durazzi,F
Saskia Kaes,F
Magdalena Bernhard,F
Eva Rodriguez De Trujillo Campo-cossio,F
Noa Cafri,F
Maria Tomé,F
Dede Griesbauer,F
Flora Colledge,F
Sandra Martinez Sierra,F
Ines Moreno Sanchez,F
Victoria Benavides Lopez De Ayala,F
Sammie Amery,F
Susana Sevillano Arevalo,F
Larraitz Torrontegui Roo,F
Alma Quintana Roman,F
Fernanda Fleischmann Olguin,F
Luca Lotti Toth,F
Naiade Velasco Rodriguez,F